[{"category": [{"category": [], "alias": "arcades", "title": "Arcade Games"}, {"category": [], "alias": "galleries", "title": "Art Galleries"}, {"category": [], "alias": "gardens", "title": "Botanical Gardens"}, {"category": [], "alias": "movietheaters", "title": "Cinemas"}, {"category": [], "alias": "festivals", "title": "Festivals"}, {"category": [], "alias": "casinos", "title": "Gambling"}, {"category": [], "alias": "jazzandblues", "title": "Jazz & Blues"}, {"category": [], "alias": "museums", "title": "Museums"}, {"category": [], "alias": "musicvenues", "title": "Music Venues"}, {"category": [], "alias": "opera", "title": "Opera & Ballet"}, {"category": [], "alias": "sportsteams", "title": "Professional Sports Teams"}, {"category": [], "alias": "psychic_astrology", "title": "Psychics & Astrologers"}, {"category": [], "alias": "social_clubs", "title": "Social Clubs"}, {"category": [], "alias": "stadiumsarenas", "title": "Stadiums & Arenas"}, {"category": [], "alias": "theater", "title": "Theatres"}, {"category": [], "alias": "wineries", "title": "Wineries"}], "alias": "arts", "title": "Arts & Entertainment"}, {"category": [{"category": [], "alias": "autopartssupplies", "title": "Auto Parts & Supplies"}, {"category": [], "alias": "car_dealers", "title": "Car Dealers"}, {"category": [], "alias": "stereo_installation", "title": "Car Stereo Installation"}, {"category": [], "alias": "carwash", "title": "Car Wash"}, {"category": [], "alias": "autoglass", "title": "Glass Tinting & Insulation"}, {"category": [], "alias": "oilchange", "title": "L.P. Gas Conversions"}, {"category": [], "alias": "autorepair", "title": "Motor Mechanics & Repairers"}, {"category": [], "alias": "smog_check_stations", "title": "Motor Vehicle Inspection & Testing"}, {"category": [], "alias": "motorcycledealers", "title": "Motorcycle Dealers"}, {"category": [], "alias": "motorcyclerepair", "title": "Motorcycle Repair"}, {"category": [], "alias": "bodyshops", "title": "Panel Beaters & Paint Services"}, {"category": [], "alias": "parking", "title": "Parking"}, {"category": [], "alias": "servicestations", "title": "Petrol & Service Stations"}, {"category": [], "alias": "towing", "title": "Towing & Roadside Assistance "}, {"category": [], "alias": "tires", "title": "Tyres"}, {"category": [], "alias": "windshieldinstallrepair", "title": "Windscreen Installation & Repair"}], "alias": "auto", "title": "Automotive"}, {"category": [{"category": [], "alias": "barbers", "title": "Barbers"}, {"category": [], "alias": "spas", "title": "Beauticians & Day Spas"}, {"category": [], "alias": "cosmetics", "title": "Beauty & Cosmetics"}, {"category": [], "alias": "eyelashservice", "title": "Eyelash Service"}, {"category": [{"category": [], "alias": "laser_hair_removal", "title": "Laser Hair Removal"}], "alias": "hairremoval", "title": "Hair Removal"}, {"category": [], "alias": "hair", "title": "Hairdressers"}, {"category": [], "alias": "makeupartists", "title": "Makeup Artists"}, {"category": [], "alias": "massage", "title": "Massage"}, {"category": [], "alias": "medicalspa", "title": "Medical Spas"}, {"category": [], "alias": "othersalons", "title": "Nail Salons"}, {"category": [], "alias": "piercing", "title": "Piercing"}, {"category": [], "alias": "skincare", "title": "Skin Care"}, {"category": [], "alias": "tanning", "title": "Tanning"}, {"category": [], "alias": "tattoo", "title": "Tattoo"}], "alias": "beautysvc", "title": "Beauty & Wellness"}, {"category": [{"category": [], "alias": "adultedu", "title": "Adult Education"}, {"category": [], "alias": "educationservices", "title": "Educational Services"}, {"category": [], "alias": "preschools", "title": "Preschools & Nurseries"}, {"category": [], "alias": "elementaryschools", "title": "Primary Schools"}, {"category": [], "alias": "privateschools", "title": "Private Schools"}, {"category": [], "alias": "privatetutors", "title": "Private Tutors"}, {"category": [], "alias": "highschools", "title": "Secondary Schools"}, {"category": [], "alias": "specialed", "title": "Special Education"}, {"category": [{"category": [], "alias": "artschools", "title": "Art Schools"}, {"category": [], "alias": "cosmetology_schools", "title": "Beauty Schools"}, {"category": [], "alias": "cookingschools", "title": "Culinary Schools"}, {"category": [], "alias": "dance_schools", "title": "Dance Schools"}, {"category": [], "alias": "driving_schools", "title": "Driving Schools"}, {"category": [], "alias": "flightinstruction", "title": "Flight Instruction"}, {"category": [], "alias": "language_schools", "title": "Language Schools"}, {"category": [], "alias": "massage_schools", "title": "Massage Schools"}, {"category": [], "alias": "swimminglessons", "title": "Swimming Lessons/Schools"}, {"category": [], "alias": "vocation", "title": "Vocational and Technical School"}], "alias": "specialtyschools", "title": "Specialty Schools"}, {"category": [], "alias": "testprep", "title": "Test Preparation"}, {"category": [], "alias": "tutoring", "title": "Tutoring Centres"}, {"category": [], "alias": "collegeuniv", "title": "Universities"}], "alias": "education", "title": "Education"}, {"category": [{"category": [], "alias": "boatcharters", "title": "Boat Charters"}, {"category": [], "alias": "stationery", "title": "Cards & Stationery"}, {"category": [], "alias": "catering", "title": "Caterers"}, {"category": [], "alias": "djs", "title": "DJs"}, {"category": [], "alias": "hotels", "title": "Hotels"}, {"category": [], "alias": "eventplanning", "title": "Party & Event Planning"}, {"category": [], "alias": "partysupplies", "title": "Party Supplies"}, {"category": [], "alias": "personalchefs", "title": "Personal Chefs"}, {"category": [], "alias": "photographers", "title": "Photographers"}, {"category": [], "alias": "venues", "title": "Venues & Event Spaces"}, {"category": [], "alias": "videographers", "title": "Videographers"}, {"category": [], "alias": "wedding_planning", "title": "Wedding Planning"}], "alias": "eventservices", "title": "Event Planning & Services"}, {"category": [{"category": [], "alias": "banks", "title": "Banks & Financial Institutions"}, {"category": [], "alias": "paydayloans", "title": "Cheque Cashing/Pay-day Loans"}, {"category": [], "alias": "financialadvising", "title": "Financial Advising"}, {"category": [], "alias": "insurance", "title": "Insurance"}, {"category": [], "alias": "investing", "title": "Investing"}, {"category": [], "alias": "taxservices", "title": "Tax Services"}], "alias": "financialservices", "title": "Financial Services"}, {"category": [{"category": [], "alias": "bakeries", "title": "Bakeries"}, {"category": [], "alias": "breweries", "title": "Breweries"}, {"category": [], "alias": "bubbletea", "title": "Bubble Tea"}, {"category": [], "alias": "butcher", "title": "Butcher"}, {"category": [], "alias": "coffee", "title": "Coffee & Tea"}, {"category": [], "alias": "convenience", "title": "Convenience Stores / Milk Bars"}, {"category": [], "alias": "delicatessen", "title": "Delicatessen"}, {"category": [], "alias": "desserts", "title": "Desserts"}, {"category": [], "alias": "donuts", "title": "Doughnuts"}, {"category": [], "alias": "ethicgrocery", "title": "Ethnic Grocery"}, {"category": [], "alias": "fooddeliveryservices", "title": "Food Delivery Services"}, {"category": [], "alias": "icecream", "title": "Ice Cream, Gelato & Frozen Yoghurt"}, {"category": [], "alias": "internetcafe", "title": "Internet Cafes"}, {"category": [], "alias": "juicebars", "title": "Juice Bars & Smoothies"}, {"category": [], "alias": "farmersmarket", "title": "Markets"}, {"category": [], "alias": "beer_and_wine", "title": "Off Licence"}, {"category": [], "alias": "organic_stores", "title": "Organic Stores"}, {"category": [], "alias": "cakeshop", "title": "Patisserie/Cake Shop"}, {"category": [{"category": [], "alias": "meats", "title": "Butchers"}, {"category": [], "alias": "cheese", "title": "Cheese Shops"}, {"category": [], "alias": "chocolate", "title": "Chocolatiers and Shops"}, {"category": [], "alias": "candy", "title": "Confectionary"}, {"category": [], "alias": "ethnicmarkets", "title": "Ethnic Food"}, {"category": [], "alias": "seafoodmarkets", "title": "Fishmongers"}, {"category": [], "alias": "markets", "title": "Greengrocers"}, {"category": [], "alias": "healthmarkets", "title": "Health Food"}, {"category": [], "alias": "herbsandspices", "title": "Herbs and Spices"}], "alias": "gourmet", "title": "Specialty Food"}, {"category": [], "alias": "streetvendors", "title": "Street Vendors"}, {"category": [], "alias": "grocery", "title": "Supermarkets"}, {"category": [], "alias": "tea", "title": "Tea Rooms"}, {"category": [], "alias": "wineries", "title": "Wineries"}], "alias": "food", "title": "Food"}, {"category": [{"category": [], "alias": "urgent_care", "title": "Accident & Emergency (A&E)"}, {"category": [], "alias": "acupuncture", "title": "Acupuncture"}, {"category": [], "alias": "chiropractors", "title": "Chiropractors"}, {"category": [], "alias": "c_and_mh", "title": "Counselling & Mental Health"}, {"category": [{"category": [], "alias": "cosmeticdentists", "title": "Cosmetic Dentists"}, {"category": [], "alias": "endodontists", "title": "Endodontists"}, {"category": [], "alias": "generaldentistry", "title": "General Dentistry"}, {"category": [], "alias": "oralsurgeons", "title": "Oral Surgeons"}, {"category": [], "alias": "orthodontists", "title": "Orthodontists"}, {"category": [], "alias": "pediatric_dentists", "title": "Pediatric Dentists"}, {"category": [], "alias": "periodontists", "title": "Periodontists"}], "alias": "dentists", "title": "Dentists"}, {"category": [{"category": [], "alias": "allergist", "title": "Allergists"}, {"category": [], "alias": "audiologist", "title": "Audiologist"}, {"category": [], "alias": "cardiology", "title": "Cardiologists"}, {"category": [], "alias": "cosmeticsurgeons", "title": "Cosmetic Surgeons"}, {"category": [], "alias": "dermatology", "title": "Dermatologists"}, {"category": [], "alias": "earnosethroat", "title": "Ear Nose & Throat"}, {"category": [], "alias": "fertility", "title": "Fertility"}, {"category": [], "alias": "familydr", "title": "GP"}, {"category": [], "alias": "gastroenterologist", "title": "Gastroenterologist"}, {"category": [], "alias": "gerontologist", "title": "Gerontologists"}, {"category": [], "alias": "internalmed", "title": "Internal Medicine"}, {"category": [], "alias": "naturopathic", "title": "Naturopathic/Holistic"}, {"category": [], "alias": "neurologist", "title": "Neurologist"}, {"category": [], "alias": "obgyn", "title": "Obstetricians and Gynecologists"}, {"category": [], "alias": "oncologist", "title": "Oncologist"}, {"category": [], "alias": "opthamalogists", "title": "Ophthalmologists"}, {"category": [], "alias": "orthopedists", "title": "Orthopedists"}, {"category": [], "alias": "osteopathicphysicians", "title": "Osteopathic Physicians"}, {"category": [], "alias": "pediatricians", "title": "Paediatricians"}, {"category": [], "alias": "podiatrists", "title": "Podiatrists"}, {"category": [], "alias": "proctologist", "title": "Proctologists"}, {"category": [], "alias": "psychiatrists", "title": "Psychiatrists"}, {"category": [], "alias": "pulmonologist", "title": "Pulmonologist"}, {"category": [], "alias": "sportsmed", "title": "Sports Medicine"}, {"category": [], "alias": "tattooremoval", "title": "Tattoo Removal"}], "alias": "physicians", "title": "Doctors"}, {"category": [], "alias": "homehealthcare", "title": "Home Health Care"}, {"category": [], "alias": "hospice", "title": "Hospice"}, {"category": [], "alias": "hospitals", "title": "Hospitals"}, {"category": [], "alias": "laserlasikeyes", "title": "Laser Eye Surgery/Lasik"}, {"category": [{"category": [], "alias": "bulkbilling", "title": "Bulk Billing"}, {"category": [], "alias": "osteopaths", "title": "Osteopaths"}], "alias": "medcenters", "title": "Medical Centres"}, {"category": [], "alias": "medicalspa", "title": "Medical Spas"}, {"category": [], "alias": "midwives", "title": "Midwives"}, {"category": [], "alias": "retirement_homes", "title": "Nursing Homes"}, {"category": [], "alias": "nutritionists", "title": "Nutritionists"}, {"category": [], "alias": "optometrists", "title": "Optometrists"}, {"category": [], "alias": "physicaltherapy", "title": "Physiotherapy"}, {"category": [], "alias": "speech_therapists", "title": "Speech Therapists"}, {"category": [], "alias": "tcm", "title": "Traditional Chinese Medicine"}, {"category": [], "alias": "weightlosscenters", "title": "Weight Loss Centres"}], "alias": "health", "title": "Health and Medical"}, {"category": [{"category": [], "alias": "buildingsupplies", "title": "Building Supplies"}, {"category": [], "alias": "carpeting", "title": "Carpet Fitters"}, {"category": [], "alias": "carpetinstallation", "title": "Carpet Installation"}, {"category": [], "alias": "contractors", "title": "Contractors"}, {"category": [], "alias": "electricians", "title": "Electricians"}, {"category": [], "alias": "flooring", "title": "Flooring"}, {"category": [], "alias": "gardeners", "title": "Gardeners"}, {"category": [], "alias": "windowsinstallation", "title": "Glaziers"}, {"category": [], "alias": "handyman", "title": "Handyman"}, {"category": [], "alias": "hvac", "title": "Heating & Air Conditioning"}, {"category": [], "alias": "homecleaning", "title": "Home Cleaning"}, {"category": [], "alias": "home_inspectors", "title": "Home Inspectors"}, {"category": [], "alias": "hometheatreinstallation", "title": "Home Theatre Installation"}, {"category": [], "alias": "interiordesign", "title": "Interior Design"}, {"category": [], "alias": "isps", "title": "Internet Service Providers"}, {"category": [], "alias": "locksmiths", "title": "Keys & Locksmiths"}, {"category": [], "alias": "landscapearchitects", "title": "Landscape Gardeners"}, {"category": [], "alias": "landscaping", "title": "Landscaping"}, {"category": [], "alias": "lighting", "title": "Lighting Fixtures & Equipment"}, {"category": [], "alias": "painters", "title": "Painters & Decorators"}, {"category": [], "alias": "plumbing", "title": "Plumbing"}, {"category": [], "alias": "poolcleaners", "title": "Pool Cleaners"}, {"category": [{"category": [], "alias": "realestateagents", "title": "Estate Agents"}, {"category": [], "alias": "apartments", "title": "Flats"}, {"category": [], "alias": "homestaging", "title": "Home Staging"}, {"category": [], "alias": "mortgagebrokers", "title": "Mortgage Brokers"}, {"category": [], "alias": "propertymgmt", "title": "Property Management"}, {"category": [], "alias": "realestatesvcs", "title": "Property Services"}, {"category": [], "alias": "university_housing", "title": "University Housing"}], "alias": "realestate", "title": "Property"}, {"category": [], "alias": "movers", "title": "Removals"}, {"category": [], "alias": "roofing", "title": "Roofing"}, {"category": [], "alias": "securitysystems", "title": "Security Systems"}, {"category": [], "alias": "blinds", "title": "Shades & Blinds"}, {"category": [], "alias": "solarinstallation", "title": "Solar Installation"}, {"category": [], "alias": "televisionserviceproviders", "title": "Television Service Providers"}, {"category": [], "alias": "treeservices", "title": "Tree Surgeons"}, {"category": [], "alias": "windowwashing", "title": "Window Cleaners"}], "alias": "homeservices", "title": "Home Services"}, {"category": [{"category": [], "alias": "airports", "title": "Airports"}, {"category": [], "alias": "bedbreakfast", "title": "Bed & Breakfast"}, {"category": [], "alias": "campgrounds", "title": "Camp Sites"}, {"category": [], "alias": "rvrental", "title": "Camper Van Rental"}, {"category": [], "alias": "carrental", "title": "Car Hire"}, {"category": [], "alias": "guesthouses", "title": "Guest Houses"}, {"category": [], "alias": "hostels", "title": "Hostels"}, {"category": [], "alias": "hotels", "title": "Hotels"}, {"category": [], "alias": "skiresorts", "title": "Ski Resorts"}, {"category": [], "alias": "tours", "title": "Tours"}, {"category": [{"category": [], "alias": "airlines", "title": "Airlines"}, {"category": [], "alias": "airport_shuttles", "title": "Airport Shuttles"}, {"category": [], "alias": "limos", "title": "Limos"}, {"category": [], "alias": "publictransport", "title": "Public Transportation"}, {"category": [], "alias": "taxis", "title": "Taxis & Minicabs"}, {"category": [], "alias": "watertaxis", "title": "Water Taxis"}], "alias": "transport", "title": "Transportation"}, {"category": [], "alias": "travelservices", "title": "Travel Agencies"}, {"category": [], "alias": "vacationrentalagents", "title": "Vacation Rental Agents"}], "alias": "hotelstravel", "title": "Hotels & Travel"}, {"category": [], "alias": "localflavor", "title": "Local Flavour"}, {"category": [{"category": [], "alias": "homeappliancerepair", "title": "Appliances & Repair"}, {"category": [], "alias": "carpet_cleaning", "title": "Carpet Cleaning"}, {"category": [], "alias": "childcare", "title": "Child Care & Day Care"}, {"category": [], "alias": "nonprofit", "title": "Community Service/Non-Profit"}, {"category": [], "alias": "shipping_centers", "title": "Courier"}, {"category": [], "alias": "couriers", "title": "Couriers & Delivery Services"}, {"category": [], "alias": "drycleaninglaundry", "title": "Dry Cleaning & Laundry Services"}, {"category": [], "alias": "electronicsrepair", "title": "Electronics Repair"}, {"category": [], "alias": "funeralservices", "title": "Funeral Services & Cemeteries"}, {"category": [], "alias": "reupholstery", "title": "Furniture Reupholstery"}, {"category": [], "alias": "itservices", "title": "IT Services & Computer Repair"}, {"category": [], "alias": "notaries", "title": "Notaries"}, {"category": [], "alias": "pest_control", "title": "Pest Control"}, {"category": [], "alias": "copyshops", "title": "Printing & Photocopying "}, {"category": [], "alias": "recording_studios", "title": "Recording & Rehearsal Studios"}, {"category": [], "alias": "recyclingcenter", "title": "Recycling Centre"}, {"category": [], "alias": "junkremovalandhauling", "title": "Rubbish Removal"}, {"category": [], "alias": "screenprinting", "title": "Screen Printing"}, {"category": [], "alias": "selfstorage", "title": "Self Storage"}, {"category": [], "alias": "shoerepair", "title": "Shoe Repair"}, {"category": [], "alias": "snowremoval", "title": "Snow Removal"}, {"category": [], "alias": "sewingalterations", "title": "Tailors & Alterations"}, {"category": [], "alias": "watch_repair", "title": "Watch Repair"}], "alias": "localservices", "title": "Local Services"}, {"category": [{"category": [], "alias": "printmedia", "title": "Print Media"}, {"category": [], "alias": "radiostations", "title": "Radio Stations"}, {"category": [], "alias": "televisionstations", "title": "Television Stations"}], "alias": "massmedia", "title": "Mass Media"}, {"category": [{"category": [], "alias": "adultentertainment", "title": "Adult Entertainment"}, {"category": [{"category": [], "alias": "beerbar", "title": "Beer Bar"}, {"category": [], "alias": "cocktailbars", "title": "Cocktail Bars"}, {"category": [], "alias": "gaybars", "title": "Gay Bars"}, {"category": [], "alias": "lounges", "title": "Lounges"}, {"category": [], "alias": "pubs", "title": "Pubs"}, {"category": [], "alias": "sportsbars", "title": "Sports Bars"}, {"category": [], "alias": "wine_bars", "title": "Wine Bars"}], "alias": "bars", "title": "Bars"}, {"category": [], "alias": "danceclubs", "title": "Clubs"}, {"category": [], "alias": "comedyclubs", "title": "Comedy Clubs"}, {"category": [], "alias": "jazzandblues", "title": "Jazz & Blues"}, {"category": [], "alias": "karaoke", "title": "Karaoke"}, {"category": [], "alias": "musicvenues", "title": "Music Venues"}, {"category": [], "alias": "poolhalls", "title": "Snooker & Pool Halls"}], "alias": "nightlife", "title": "Nightlife"}, {"category": [{"category": [], "alias": "animalshelters", "title": "Animal Shelters"}, {"category": [{"category": [], "alias": "dogwalkers", "title": "Dog Walkers"}, {"category": [], "alias": "pet_sitting", "title": "Kennels & Pet Sitting"}, {"category": [], "alias": "groomer", "title": "Pet Groomers"}, {"category": [], "alias": "pet_training", "title": "Pet Training"}], "alias": "petservices", "title": "Pet Services"}, {"category": [], "alias": "petstore", "title": "Pet Shops"}, {"category": [], "alias": "vet", "title": "Veterinarians"}], "alias": "pets", "title": "Pets"}, {"category": [{"category": [], "alias": "accountants", "title": "Accountants"}, {"category": [], "alias": "advertising", "title": "Advertising"}, {"category": [], "alias": "architects", "title": "Architectural Services"}, {"category": [], "alias": "boatrepair", "title": "Boat Repair"}, {"category": [], "alias": "careercounseling", "title": "Career Counseling"}, {"category": [], "alias": "employmentagencies", "title": "Employment Agencies"}, {"category": [], "alias": "graphicdesign", "title": "Graphic Design"}, {"category": [], "alias": "isps", "title": "Internet Service Providers"}, {"category": [{"category": [], "alias": "bankruptcy", "title": "Bankruptcy Law"}, {"category": [], "alias": "criminaldefense", "title": "Criminal Defense Law"}, {"category": [], "alias": "divorce", "title": "Divorce and Family Law"}, {"category": [], "alias": "employmentlawyers", "title": "Employment Law"}, {"category": [], "alias": "estateplanning", "title": "Estate Planning Law"}, {"category": [], "alias": "general_litigation", "title": "General Litigation"}, {"category": [], "alias": "immigrationlawyers", "title": "Immigration Law"}, {"category": [], "alias": "personal_injury", "title": "Personal Injury Law"}, {"category": [], "alias": "realestatelawyers", "title": "Real Estate Law"}], "alias": "lawyers", "title": "Lawyers"}, {"category": [], "alias": "lifecoach", "title": "Life Coach"}, {"category": [], "alias": "marketing", "title": "Marketing"}, {"category": [], "alias": "officecleaning", "title": "Office Cleaning"}, {"category": [], "alias": "privateinvestigation", "title": "Private Investigation"}, {"category": [], "alias": "publicrelations", "title": "Public Relations"}, {"category": [], "alias": "videofilmproductions", "title": "Video/Film Production"}, {"category": [], "alias": "web_design", "title": "Web Design"}], "alias": "professional", "title": "Professional Services"}, {"category": [{"category": [], "alias": "realestateagents", "title": "Estate Agents"}, {"category": [], "alias": "apartments", "title": "Flats"}, {"category": [], "alias": "homestaging", "title": "Home Staging"}, {"category": [], "alias": "mortgagebrokers", "title": "Mortgage Brokers"}, {"category": [], "alias": "propertymgmt", "title": "Property Management"}, {"category": [], "alias": "realestatesvcs", "title": "Property Services"}, {"category": [], "alias": "university_housing", "title": "University Housing"}], "alias": "realestate", "title": "Property"}, {"category": [{"category": [], "alias": "departmentsofmotorvehicles", "title": "Departments of Motor Vehicles"}, {"category": [], "alias": "landmarks", "title": "Landmarks & Historical Buildings"}, {"category": [], "alias": "libraries", "title": "Libraries"}, {"category": [], "alias": "policedepartments", "title": "Police Departments"}, {"category": [], "alias": "postoffices", "title": "Post Offices"}], "alias": "publicservicesgovt", "title": "Public Services & Government"}, {"category": [{"category": [], "alias": "buddhist_temples", "title": "Buddhist Temples"}, {"category": [], "alias": "churches", "title": "Churches"}, {"category": [], "alias": "hindu_temples", "title": "Hindu Temples"}, {"category": [], "alias": "mosques", "title": "Mosques"}, {"category": [], "alias": "synagogues", "title": "Synagogues"}], "alias": "religiousorgs", "title": "Religious Organisations"}, {"category": [{"category": [], "alias": "afghani", "title": "Afghan"}, {"category": [], "alias": "african", "title": "African"}, {"category": [], "alias": "tradamerican", "title": "American"}, {"category": [], "alias": "argentine", "title": "Argentine"}, {"category": [], "alias": "asianfusion", "title": "Asian Fusion"}, {"category": [], "alias": "belgian", "title": "Belgian"}, {"category": [], "alias": "brasseries", "title": "Brasseries"}, {"category": [], "alias": "brazilian", "title": "Brazilian"}, {"category": [], "alias": "breakfast_brunch", "title": "Breakfast & Brunch"}, {"category": [], "alias": "british", "title": "British"}, {"category": [], "alias": "buffets", "title": "Buffets"}, {"category": [], "alias": "burgers", "title": "Burgers"}, {"category": [], "alias": "burmese", "title": "Burmese"}, {"category": [], "alias": "cafes", "title": "Cafes"}, {"category": [], "alias": "cambodian", "title": "Cambodian"}, {"category": [], "alias": "caribbean", "title": "Caribbean"}, {"category": [], "alias": "chickenshop", "title": "Chicken Shop"}, {"category": [{"category": [], "alias": "dimsum", "title": "Dim Sum"}, {"category": [], "alias": "shanghainese", "title": "Shanghainese"}, {"category": [], "alias": "szechuan", "title": "Szechuan"}], "alias": "chinese", "title": "Chinese"}, {"category": [], "alias": "creperies", "title": "Creperies"}, {"category": [], "alias": "cuban", "title": "Cuban"}, {"category": [], "alias": "eastern_european", "title": "Eastern European"}, {"category": [], "alias": "ethiopian", "title": "Ethiopian"}, {"category": [], "alias": "hotdogs", "title": "Fast Food & Takeaways"}, {"category": [], "alias": "filipino", "title": "Filipino"}, {"category": [], "alias": "fishnchips", "title": "Fish & Chips"}, {"category": [], "alias": "fondue", "title": "Fondue"}, {"category": [], "alias": "food_court", "title": "Food Court"}, {"category": [], "alias": "foodstands", "title": "Food Stands"}, {"category": [], "alias": "french", "title": "French"}, {"category": [], "alias": "gastropubs", "title": "Gastropubs"}, {"category": [], "alias": "german", "title": "German"}, {"category": [], "alias": "gluten_free", "title": "Gluten-Free"}, {"category": [], "alias": "greek", "title": "Greek"}, {"category": [], "alias": "halal", "title": "Halal"}, {"category": [], "alias": "himalayan", "title": "Himalayan/Nepalese"}, {"category": [], "alias": "hotdog", "title": "Hot Dogs"}, {"category": [], "alias": "hungarian", "title": "Hungarian"}, {"category": [], "alias": "indpak", "title": "Indian"}, {"category": [], "alias": "indonesian", "title": "Indonesian"}, {"category": [], "alias": "irish", "title": "Irish"}, {"category": [], "alias": "italian", "title": "Italian"}, {"category": [{"category": [], "alias": "izakaya", "title": "Izakaya"}, {"category": [], "alias": "teppanyaki", "title": "Teppanyaki"}], "alias": "japanese", "title": "Japanese"}, {"category": [], "alias": "kebab", "title": "Kebab"}, {"category": [], "alias": "korean", "title": "Korean"}, {"category": [], "alias": "kosher", "title": "Kosher"}, {"category": [], "alias": "laos", "title": "Laos"}, {"category": [], "alias": "latin", "title": "Latin American"}, {"category": [], "alias": "lebanese", "title": "Lebanese"}, {"category": [], "alias": "raw_food", "title": "Live/Raw Food"}, {"category": [{"category": [], "alias": "mamak", "title": "Mamak"}, {"category": [], "alias": "nyonya", "title": "Nyonya"}], "alias": "malaysian", "title": "Malaysian"}, {"category": [], "alias": "mediterranean", "title": "Mediterranean"}, {"category": [], "alias": "mexican", "title": "Mexican"}, {"category": [], "alias": "mideastern", "title": "Middle Eastern"}, {"category": [], "alias": "modern_australian", "title": "Modern Australian"}, {"category": [], "alias": "modern_european", "title": "Modern European"}, {"category": [], "alias": "mongolian", "title": "Mongolian"}, {"category": [], "alias": "moroccan", "title": "Moroccan"}, {"category": [], "alias": "pakistani", "title": "Pakistani"}, {"category": [], "alias": "parma", "title": "Parma"}, {"category": [], "alias": "persian", "title": "Persian/Iranian"}, {"category": [], "alias": "peruvian", "title": "Peruvian"}, {"category": [], "alias": "pizza", "title": "Pizza"}, {"category": [], "alias": "polish", "title": "Polish"}, {"category": [], "alias": "portuguese", "title": "Portuguese"}, {"category": [], "alias": "potatoes", "title": "Potatoes"}, {"category": [], "alias": "pubfood", "title": "Pub Food"}, {"category": [], "alias": "russian", "title": "Russian"}, {"category": [], "alias": "salad", "title": "Salad"}, {"category": [], "alias": "sandwiches", "title": "Sandwiches"}, {"category": [], "alias": "scandinavian", "title": "Scandinavian"}, {"category": [], "alias": "seafood", "title": "Seafood"}, {"category": [], "alias": "singaporean", "title": "Singaporean"}, {"category": [], "alias": "soup", "title": "Soup"}, {"category": [], "alias": "spanish", "title": "Spanish"}, {"category": [], "alias": "steak", "title": "Steakhouses"}, {"category": [], "alias": "sushi", "title": "Sushi Bars"}, {"category": [], "alias": "taiwanese", "title": "Taiwanese"}, {"category": [], "alias": "tapasmallplates", "title": "Tapas/Small Plates"}, {"category": [], "alias": "thai", "title": "Thai"}, {"category": [], "alias": "turkish", "title": "Turkish"}, {"category": [], "alias": "ukrainian", "title": "Ukrainian"}, {"category": [], "alias": "vegan", "title": "Vegan"}, {"category": [], "alias": "vegetarian", "title": "Vegetarian"}, {"category": [], "alias": "vietnamese", "title": "Vietnamese"}], "alias": "restaurants", "title": "Restaurants"}, {"category": [{"category": [], "alias": "adult", "title": "Adult"}, {"category": [], "alias": "antiques", "title": "Antiques"}, {"category": [], "alias": "galleries", "title": "Art Galleries"}, {"category": [{"category": [], "alias": "artsupplies", "title": "Art Supplies"}, {"category": [], "alias": "stationery", "title": "Cards & Stationery"}, {"category": [], "alias": "costumes", "title": "Fancy Dress"}, {"category": [], "alias": "framing", "title": "Framing"}, {"category": [], "alias": "fabricstores", "title": "Haberdashery & Fabrics"}], "alias": "artsandcrafts", "title": "Arts & Crafts"}, {"category": [], "alias": "baby_gear", "title": "Baby Accessories & Furniture "}, {"category": [], "alias": "discountstore", "title": "Bargain Shops"}, {"category": [], "alias": "cosmetics", "title": "Beauty & Cosmetics"}, {"category": [{"category": [], "alias": "bookstores", "title": "Bookshops"}, {"category": [], "alias": "comicbooks", "title": "Comic Books"}, {"category": [], "alias": "musicvideo", "title": "Music & DVDs"}, {"category": [], "alias": "mags", "title": "Newsagents"}, {"category": [], "alias": "videoandgames", "title": "Videos and Video Game Rental"}, {"category": [], "alias": "vinyl_records", "title": "Vinyl Records"}], "alias": "media", "title": "Books, Mags, Music and Video"}, {"category": [], "alias": "bridal", "title": "Bridal"}, {"category": [], "alias": "computers", "title": "Computers"}, {"category": [], "alias": "deptstores", "title": "Department Stores"}, {"category": [], "alias": "electronics", "title": "Electronics"}, {"category": [], "alias": "opticians", "title": "Eyewear & Opticians"}, {"category": [{"category": [], "alias": "accessories", "title": "Accessories"}, {"category": [], "alias": "childcloth", "title": "Children's Clothing"}, {"category": [], "alias": "deptstores", "title": "Department Stores"}, {"category": [], "alias": "leather", "title": "Leather Goods"}, {"category": [], "alias": "lingerie", "title": "Lingerie"}, {"category": [], "alias": "maternity", "title": "Maternity Wear"}, {"category": [], "alias": "menscloth", "title": "Men's Clothing"}, {"category": [], "alias": "shoes", "title": "Shoe Shops"}, {"category": [], "alias": "sleepwear", "title": "Sleepwear"}, {"category": [], "alias": "sportswear", "title": "Sports Wear"}, {"category": [], "alias": "surfshop", "title": "Surf Shop"}, {"category": [], "alias": "swimwear", "title": "Swimwear"}, {"category": [], "alias": "vintage", "title": "Vintage & Second Hand"}, {"category": [], "alias": "womenscloth", "title": "Women's Clothing"}], "alias": "fashion", "title": "Fashion"}, {"category": [{"category": [], "alias": "stationery", "title": "Cards & Stationery"}, {"category": [], "alias": "florists", "title": "Florists"}], "alias": "flowers", "title": "Flowers & Gifts"}, {"category": [], "alias": "hobbyshops", "title": "Hobby Shops"}, {"category": [{"category": [], "alias": "appliances", "title": "Appliances"}, {"category": [], "alias": "mattresses", "title": "Bed Shops"}, {"category": [], "alias": "furniture", "title": "Furniture Shops"}, {"category": [], "alias": "gardening", "title": "Gardening Centres "}, {"category": [], "alias": "hardware", "title": "Hardware Stores"}, {"category": [], "alias": "homedecor", "title": "Home Decor"}, {"category": [], "alias": "kitchenandbath", "title": "Kitchen & Bath"}, {"category": [], "alias": "hottubandpool", "title": "Spa & Pool"}], "alias": "homeandgarden", "title": "Home & Garden"}, {"category": [], "alias": "jewelry", "title": "Jewellery"}, {"category": [], "alias": "knittingsupplies", "title": "Knitting Supplies"}, {"category": [], "alias": "luggage", "title": "Luggage"}, {"category": [], "alias": "mobilephones", "title": "Mobile Phones"}, {"category": [], "alias": "musicalinstrumentsandteachers", "title": "Musical Instruments & Teachers"}, {"category": [], "alias": "officeequipment", "title": "Office Equipment"}, {"category": [], "alias": "thrift_stores", "title": "Opportunity Shop/Thrift Store"}, {"category": [], "alias": "outlet_stores", "title": "Outlet Stores"}, {"category": [], "alias": "pawn", "title": "Pawn Shops"}, {"category": [], "alias": "personal_shopping", "title": "Personal Shopping"}, {"category": [], "alias": "drugstores", "title": "Pharmacies & Chemists"}, {"category": [], "alias": "photographystores", "title": "Photography Shops"}, {"category": [], "alias": "shoppingcenters", "title": "Shopping Centres"}, {"category": [{"category": [], "alias": "bikes", "title": "Bicycles"}, {"category": [], "alias": "outdoorgear", "title": "Outdoor Gear"}, {"category": [], "alias": "sportswear", "title": "Sports Wear"}], "alias": "sportgoods", "title": "Sporting Goods"}, {"category": [], "alias": "tobaccoshops", "title": "Tobacconists"}, {"category": [], "alias": "toys", "title": "Toy Shops"}, {"category": [], "alias": "watches", "title": "Watches"}, {"category": [], "alias": "wholesale_stores", "title": "Wholesalers"}], "alias": "shopping", "title": "Shopping"}, {"category": [{"category": [], "alias": "amateursportsteams", "title": "Amateur Sports Teams"}, {"category": [], "alias": "amusementparks", "title": "Amusement Parks"}, {"category": [], "alias": "aquariums", "title": "Aquariums"}, {"category": [], "alias": "archery", "title": "Archery"}, {"category": [], "alias": "beaches", "title": "Beaches"}, {"category": [], "alias": "bikerentals", "title": "Bicycle Rentals"}, {"category": [], "alias": "boating", "title": "Boating"}, {"category": [], "alias": "climbing", "title": "Climbing"}, {"category": [{"category": [], "alias": "freediving", "title": "Free Diving"}, {"category": [], "alias": "scuba", "title": "Scuba Diving"}], "alias": "diving", "title": "Diving"}, {"category": [], "alias": "fishing", "title": "Fishing"}, {"category": [{"category": [], "alias": "dancestudio", "title": "Dance Studios"}, {"category": [], "alias": "gyms", "title": "Gyms"}, {"category": [], "alias": "martialarts", "title": "Martial Arts"}, {"category": [], "alias": "healthtrainers", "title": "Personal Trainers"}, {"category": [], "alias": "pilates", "title": "Pilates"}, {"category": [], "alias": "swimminglessons", "title": "Swimming Lessons/Schools"}, {"category": [], "alias": "taichi", "title": "Tai Chi"}, {"category": [], "alias": "yoga", "title": "Yoga"}], "alias": "fitness", "title": "Fitness & Instruction"}, {"category": [], "alias": "football", "title": "Football"}, {"category": [], "alias": "gokarts", "title": "Go Karts"}, {"category": [], "alias": "golf", "title": "Golf"}, {"category": [], "alias": "gun_ranges", "title": "Gun/Rifle Ranges"}, {"category": [], "alias": "hiking", "title": "Hiking"}, {"category": [], "alias": "skatingrinks", "title": "Ice Rinks"}, {"category": [], "alias": "indoor_playcenter", "title": "Indoor Playcentre"}, {"category": [], "alias": "lakes", "title": "Lakes"}, {"category": [], "alias": "lawn_bowling", "title": "Lawn Bowling"}, {"category": [], "alias": "leisure_centers", "title": "Leisure Centres"}, {"category": [], "alias": "mini_golf", "title": "Mini Golf"}, {"category": [], "alias": "mountainbiking", "title": "Mountain Biking"}, {"category": [{"category": [], "alias": "dog_parks", "title": "Dog Parks"}, {"category": [], "alias": "skate_parks", "title": "Skate Parks"}], "alias": "parks", "title": "Parks & Forests"}, {"category": [], "alias": "playgrounds", "title": "Playgrounds"}, {"category": [], "alias": "rafting", "title": "Rafting/Kayaking"}, {"category": [], "alias": "recreation", "title": "Recreation Centre "}, {"category": [], "alias": "skydiving", "title": "Skydiving"}, {"category": [], "alias": "sport_equipment_hire", "title": "Sport Equipment Hire"}, {"category": [], "alias": "sports_clubs", "title": "Sports Clubs"}, {"category": [], "alias": "horsebackriding", "title": "Stables & Horse Riding "}, {"category": [], "alias": "summer_camps", "title": "Summer Camps"}, {"category": [], "alias": "swimmingpools", "title": "Swimming Pools"}, {"category": [], "alias": "bowling", "title": "Ten Pin Bowling"}, {"category": [], "alias": "tennis", "title": "Tennis"}, {"category": [], "alias": "zoos", "title": "Zoos"}], "alias": "active", "title": "Sports & Leisure"}]