[{"category": [{"category": [{"category": [], "alias": "meats", "title": "Carnicer\u00edas"}, {"category": [], "alias": "chocolate", "title": "Chocolateros y chocolater\u00edas"}, {"category": [], "alias": "ethnicmarkets", "title": "Comida \u00e9tnica"}, {"category": [], "alias": "markets", "title": "Frutas y verduras"}, {"category": [], "alias": "herbsandspices", "title": "Hierbas y Especias"}, {"category": [], "alias": "healthmarkets", "title": "Mercado de productos saludables"}, {"category": [], "alias": "seafoodmarkets", "title": "Pescader\u00eda"}, {"category": [], "alias": "candy", "title": "Tiendas de chucher\u00edas"}, {"category": [], "alias": "cheese", "title": "Tiendas especializadas en quesos"}], "alias": "gourmet", "title": "Alimentaci\u00f3n especializada"}, {"category": [], "alias": "juicebars", "title": "Bares para tomar zumos y batidos"}, {"category": [], "alias": "breweries", "title": "Bebidas"}, {"category": [], "alias": "wineries", "title": "Bodegas"}, {"category": [], "alias": "coffee", "title": "Caf\u00e9 y t\u00e9"}, {"category": [], "alias": "butcher", "title": "Carnicero"}, {"category": [], "alias": "beer_and_wine", "title": "Cerveza, vino y otras bebidas alcoh\u00f3licas"}, {"category": [], "alias": "internetcafe", "title": "Cibercaf\u00e9s"}, {"category": [], "alias": "grocery", "title": "Comestibles"}, {"category": [], "alias": "diyfood", "title": "Comida para que la hagas t\u00fa mismo"}, {"category": [], "alias": "icecream", "title": "Helados y yogurt helado"}, {"category": [], "alias": "farmersmarket", "title": "Mercado"}, {"category": [], "alias": "bakeries", "title": "Panader\u00edas"}, {"category": [], "alias": "desserts", "title": "Postres"}, {"category": [], "alias": "donuts", "title": "Rosquillas"}, {"category": [], "alias": "tea", "title": "Salones de t\u00e9"}, {"category": [], "alias": "fooddeliveryservices", "title": "Servicios de comida para llevar"}, {"category": [], "alias": "convenience", "title": "Tiendas 24 horas"}, {"category": [], "alias": "streetvendors", "title": "Vendedores ambulantes"}], "alias": "food", "title": "Alimentaci\u00f3n"}, {"category": [{"category": [], "alias": "animalshelters", "title": "Hogar para animales"}, {"category": [{"category": [], "alias": "groomer", "title": "Cuidadores de mascotas"}, {"category": [], "alias": "pet_training", "title": "Entrenamiento de mascotas"}, {"category": [], "alias": "dogwalkers", "title": "Paseadores de perros"}, {"category": [], "alias": "pet_sitting", "title": "Residencia para mascotas"}], "alias": "petservices", "title": "Servicios para mascotas"}, {"category": [], "alias": "petstore", "title": "Tiendas de mascotas"}, {"category": [], "alias": "vet", "title": "Veterinarios"}], "alias": "pets", "title": "Animales"}, {"category": [{"category": [], "alias": "parking", "title": "Aparcamiento"}, {"category": [], "alias": "oilchange", "title": "Centros de cambio de aceite"}, {"category": [], "alias": "smog_check_stations", "title": "Centros pre ITV"}, {"category": [], "alias": "motorcycledealers", "title": "Concesionario de motos"}, {"category": [], "alias": "car_dealers", "title": "Concesionarios"}, {"category": [], "alias": "servicestations", "title": "Estaciones de servicio"}, {"category": [], "alias": "towing", "title": "Gr\u00faas"}, {"category": [], "alias": "stereo_installation", "title": "Instalaci\u00f3n auto radio"}, {"category": [], "alias": "carwash", "title": "Lavado de coches"}, {"category": [], "alias": "auto_detailing", "title": "Mantenimiento del veh\u00edculo"}, {"category": [], "alias": "tires", "title": "Neum\u00e1ticos"}, {"category": [], "alias": "autopartssupplies", "title": "Piezas y recambios del veh\u00edculo"}, {"category": [], "alias": "motorcyclerepair", "title": "Reparaci\u00f3n de motos"}, {"category": [], "alias": "windshieldinstallrepair", "title": "Reparaci\u00f3n e instalaci\u00f3n de lunas"}, {"category": [], "alias": "bodyshops", "title": "Taller de chapa y pintura"}, {"category": [], "alias": "autorepair", "title": "Taller de reparaci\u00f3n"}], "alias": "auto", "title": "Automoci\u00f3n"}, {"category": [{"category": [], "alias": "medicalspa", "title": "Balnearios medicinales"}, {"category": [], "alias": "barbers", "title": "Barber\u00edas"}, {"category": [], "alias": "tanning", "title": "Bronceado"}, {"category": [], "alias": "cosmetics", "title": "Cosm\u00e9ticos y productos de belleza"}, {"category": [], "alias": "skincare", "title": "Cuidado de la piel"}, {"category": [{"category": [], "alias": "laser_hair_removal", "title": "Depilaci\u00f3n l\u00e1ser"}], "alias": "hairremoval", "title": "Depilaci\u00f3n"}, {"category": [], "alias": "othersalons", "title": "Manicura y pedicura"}, {"category": [], "alias": "makeupartists", "title": "Maquilladores"}, {"category": [], "alias": "massage", "title": "Masaje"}, {"category": [], "alias": "hair", "title": "Peluquer\u00edas"}, {"category": [], "alias": "piercing", "title": "Piercings"}, {"category": [], "alias": "spas", "title": "Spas de d\u00eda"}, {"category": [], "alias": "tattoo", "title": "Tatuajes"}, {"category": [], "alias": "eyelashservice", "title": "Tratamiento de pesta\u00f1as"}], "alias": "beautysvc", "title": "Centros de belleza y spas"}, {"category": [{"category": [], "alias": "adult", "title": "Adultos"}, {"category": [], "alias": "antiques", "title": "Antig\u00fcedades"}, {"category": [{"category": [], "alias": "costumes", "title": "Disfraces"}, {"category": [], "alias": "framing", "title": "Enmarcaci\u00f3n"}, {"category": [], "alias": "artsupplies", "title": "Material de bellas artes"}, {"category": [], "alias": "stationery", "title": "Regalos y papeler\u00edas"}, {"category": [], "alias": "fabricstores", "title": "Tiendas de telas"}], "alias": "artsandcrafts", "title": "Artesan\u00eda y manualidades"}, {"category": [{"category": [], "alias": "bikes", "title": "Bicicletas"}, {"category": [], "alias": "outdoorgear", "title": "Equipamiento para actividades al aire libre"}, {"category": [], "alias": "sportswear", "title": "Ropa deportiva"}], "alias": "sportgoods", "title": "Art\u00edculos deportivos"}, {"category": [], "alias": "bridal", "title": "Bodas"}, {"category": [], "alias": "shoppingcenters", "title": "Centros comerciales"}, {"category": [], "alias": "personal_shopping", "title": "Compras personales"}, {"category": [], "alias": "cosmetics", "title": "Cosm\u00e9ticos y productos de belleza"}, {"category": [], "alias": "electronics", "title": "Electr\u00f3nica"}, {"category": [], "alias": "luggage", "title": "Equipaje"}, {"category": [], "alias": "tobaccoshops", "title": "Estancos"}, {"category": [], "alias": "drugstores", "title": "Farmacias"}, {"category": [{"category": [], "alias": "florists", "title": "Florister\u00edas"}, {"category": [], "alias": "stationery", "title": "Regalos y papeler\u00edas"}], "alias": "flowers", "title": "Flores y regalos"}, {"category": [], "alias": "galleries", "title": "Galer\u00edas de arte"}, {"category": [], "alias": "deptstores", "title": "Grandes almacenes"}, {"category": [{"category": [], "alias": "kitchenandbath", "title": "Ba\u00f1os y cocinas"}, {"category": [], "alias": "mattresses", "title": "Colchoner\u00edas"}, {"category": [], "alias": "homedecor", "title": "Decoraci\u00f3n del hogar"}, {"category": [], "alias": "appliances", "title": "Electrodom\u00e9sticos"}, {"category": [], "alias": "hardware", "title": "Ferreter\u00edas"}, {"category": [], "alias": "hottubandpool", "title": "Piscina y jacuzzi"}, {"category": [], "alias": "furniture", "title": "Tienda de muebles"}, {"category": [], "alias": "gardening", "title": "Viveros y jardiner\u00eda"}], "alias": "homeandgarden", "title": "Hogar y jard\u00edn"}, {"category": [], "alias": "computers", "title": "Inform\u00e1tica"}, {"category": [], "alias": "jewelry", "title": "Joyer\u00edas"}, {"category": [{"category": [], "alias": "videoandgames", "title": "Alquiler de pel\u00edculas y videojuegos"}, {"category": [], "alias": "comicbooks", "title": "Comics"}, {"category": [], "alias": "vinyl_records", "title": "Discos de vinilo"}, {"category": [], "alias": "bookstores", "title": "Librer\u00edas"}, {"category": [], "alias": "musicvideo", "title": "M\u00fasica y DVDs"}, {"category": [], "alias": "mags", "title": "Peri\u00f3dicos y revistas"}], "alias": "media", "title": "Libros, revistas, m\u00fasica y v\u00eddeos"}, {"category": [], "alias": "officeequipment", "title": "Material de oficina"}, {"category": [], "alias": "knittingsupplies", "title": "Mercer\u00eda"}, {"category": [], "alias": "baby_gear", "title": "Mobiliario y art\u00edculos para beb\u00e9"}, {"category": [{"category": [], "alias": "leather", "title": "Art\u00edculos de piel"}, {"category": [], "alias": "accessories", "title": "Complementos"}, {"category": [], "alias": "deptstores", "title": "Grandes almacenes"}, {"category": [], "alias": "lingerie", "title": "Lencer\u00eda"}, {"category": [], "alias": "menscloth", "title": "Ropa de caballero"}, {"category": [], "alias": "womenscloth", "title": "Ropa de mujer"}, {"category": [], "alias": "swimwear", "title": "Ropa de nataci\u00f3n"}, {"category": [], "alias": "sportswear", "title": "Ropa deportiva"}, {"category": [], "alias": "childcloth", "title": "Ropa infantil"}, {"category": [], "alias": "maternity", "title": "Ropa premam\u00e1"}, {"category": [], "alias": "vintage", "title": "Segunda mano,vintage y remesas"}, {"category": [], "alias": "shoes", "title": "Zapater\u00edas"}], "alias": "fashion", "title": "Moda"}, {"category": [], "alias": "musicalinstrumentsandteachers", "title": "Profesores de m\u00fasica e instrumentos"}, {"category": [], "alias": "watches", "title": "Relojes"}, {"category": [], "alias": "thrift_stores", "title": "Segunda mano"}, {"category": [], "alias": "mobilephones", "title": "Telefon\u00eda m\u00f3vil"}, {"category": [], "alias": "wholesale_stores", "title": "Tiendas al por mayor"}, {"category": [], "alias": "pawn", "title": "Tiendas de empe\u00f1o"}, {"category": [], "alias": "toys", "title": "Tiendas de juguetes"}, {"category": [], "alias": "hobbyshops", "title": "Tiendas de tiempo libre"}, {"category": [], "alias": "discountstore", "title": "Tiendas descuento"}, {"category": [], "alias": "outlet_stores", "title": "Tiendas outlet"}, {"category": [], "alias": "photographystores", "title": "Tiendas y servicios fotogr\u00e1ficos"}, {"category": [], "alias": "opticians", "title": "\u00d3pticas y \u00f3pticos"}], "alias": "shopping", "title": "Compras"}, {"category": [{"category": [], "alias": "theater", "title": "Artes esc\u00e9nicas"}, {"category": [], "alias": "wineries", "title": "Bodegas"}, {"category": [], "alias": "casinos", "title": "Casinos"}, {"category": [], "alias": "movietheaters", "title": "Cines"}, {"category": [], "alias": "social_clubs", "title": "Clubs sociales"}, {"category": [], "alias": "sportsteams", "title": "Equipos de deportes profesionales"}, {"category": [], "alias": "stadiumsarenas", "title": "Estadios"}, {"category": [], "alias": "festivals", "title": "Festivales"}, {"category": [], "alias": "galleries", "title": "Galer\u00edas de arte"}, {"category": [], "alias": "gardens", "title": "Jardines bot\u00e1nicos"}, {"category": [], "alias": "jazzandblues", "title": "Jazz y Blues"}, {"category": [], "alias": "musicvenues", "title": "Locales de m\u00fasica"}, {"category": [], "alias": "museums", "title": "Museos"}, {"category": [], "alias": "psychic_astrology", "title": "Ps\u00edquicos y astr\u00f3logos"}, {"category": [], "alias": "arcades", "title": "Recreativos"}, {"category": [], "alias": "opera", "title": "\u00d3pera y ballet"}], "alias": "arts", "title": "Cultura y espect\u00e1culos"}, {"category": [{"category": [], "alias": "tutoring", "title": "Centros de clases particulares"}, {"category": [], "alias": "highschools", "title": "Centros de educaci\u00f3n secundaria"}, {"category": [], "alias": "elementaryschools", "title": "Colegios de primaria"}, {"category": [], "alias": "specialed", "title": "Educaci\u00f3n Especial"}, {"category": [], "alias": "adultedu", "title": "Educaci\u00f3n para adultos"}, {"category": [{"category": [], "alias": "driving_schools", "title": "Autoescuelas"}, {"category": [], "alias": "vocation", "title": "Escuela  t\u00e9cnica y profesional "}, {"category": [], "alias": "dance_schools", "title": "Escuelas de baile"}, {"category": [], "alias": "artschools", "title": "Escuelas de bellas artes"}, {"category": [], "alias": "cosmetology_schools", "title": "Escuelas de belleza"}, {"category": [], "alias": "cookingschools", "title": "Escuelas de cocina"}, {"category": [], "alias": "language_schools", "title": "Escuelas de idiomas"}, {"category": [], "alias": "massage_schools", "title": "Escuelas de masaje"}, {"category": [], "alias": "swimminglessons", "title": "Escuelas/clases de nataci\u00f3n"}, {"category": [], "alias": "flightinstruction", "title": "Instrucci\u00f3n de vuelo"}], "alias": "specialtyschools", "title": "Escuelas especializadas"}, {"category": [], "alias": "collegeuniv", "title": "Facultades y universidades"}, {"category": [], "alias": "testprep", "title": "Preparaci\u00f3n para ex\u00e1menes"}, {"category": [], "alias": "preschools", "title": "Prescolar"}, {"category": [], "alias": "privatetutors", "title": "Profesores particulares"}, {"category": [], "alias": "educationservices", "title": "Servicios educativos"}], "alias": "education", "title": "Educaci\u00f3n y Formaci\u00f3n"}, {"category": [{"category": [], "alias": "airports", "title": "Aeropuertos"}, {"category": [], "alias": "rvrental", "title": "Alquiler"}, {"category": [], "alias": "carrental", "title": "Alquiler de coches"}, {"category": [], "alias": "bedbreakfast", "title": "Bed & Breakfast"}, {"category": [], "alias": "campgrounds", "title": "Campings"}, {"category": [], "alias": "skiresorts", "title": "Estaciones de esqu\u00ed"}, {"category": [], "alias": "hostels", "title": "Hostales"}, {"category": [], "alias": "hotels", "title": "Hoteles"}, {"category": [], "alias": "guesthouses", "title": "Pensiones"}, {"category": [], "alias": "travelservices", "title": "Servicios de viajes"}, {"category": [], "alias": "tours", "title": "Tours"}, {"category": [{"category": [], "alias": "airlines", "title": "Aerol\u00edneas"}, {"category": [], "alias": "limos", "title": "Limusinas"}, {"category": [], "alias": "taxis", "title": "Taxis"}, {"category": [], "alias": "airport_shuttles", "title": "Transbordadores aeropuerto"}, {"category": [], "alias": "publictransport", "title": "Transporte p\u00fablico"}], "alias": "transport", "title": "Transporte"}], "alias": "hotelstravel", "title": "Hoteles y viajes"}, {"category": [{"category": [], "alias": "propertymgmt", "title": "Administraci\u00f3n de fincas"}, {"category": [], "alias": "mortgagebrokers", "title": "Agente hipotecario"}, {"category": [], "alias": "realestateagents", "title": "Agentes inmobiliarios"}, {"category": [], "alias": "apartments", "title": "Alquiler"}, {"category": [], "alias": "homestaging", "title": "Preparaci\u00f3n de la vivienda para su venta"}, {"category": [], "alias": "university_housing", "title": "Residencias universitarias"}, {"category": [], "alias": "realestatesvcs", "title": "Servicios inmobiliarios"}], "alias": "realestate", "title": "Inmobiliarias"}, {"category": [{"category": [], "alias": "televisionstations", "title": "Cadenas de televisi\u00f3n"}, {"category": [], "alias": "radiostations", "title": "Emisoras de radio"}, {"category": [], "alias": "printmedia", "title": "Prensa escrita"}], "alias": "massmedia", "title": "Medios de comunicaci\u00f3n"}, {"category": [{"category": [], "alias": "churches", "title": "Iglesias"}, {"category": [], "alias": "mosques", "title": "Mezquitas"}, {"category": [], "alias": "synagogues", "title": "Sinagogas"}, {"category": [], "alias": "buddhist_temples", "title": "Templos budistas"}, {"category": [], "alias": "hindu_temples", "title": "Templos hind\u00fas"}], "alias": "religiousorgs", "title": "Organizaciones religiosas"}, {"category": [{"category": [], "alias": "partysupplies", "title": "Art\u00edculos de fiesta"}, {"category": [], "alias": "catering", "title": "Caterings"}, {"category": [], "alias": "personalchefs", "title": "Chefs personales"}, {"category": [], "alias": "videographers", "title": "C\u00e1maras"}, {"category": [], "alias": "boatcharters", "title": "Embarcaciones"}, {"category": [], "alias": "eventplanning", "title": "Fiestas y planificaci\u00f3n de eventos"}, {"category": [], "alias": "photographers", "title": "Fot\u00f3grafos"}, {"category": [], "alias": "hotels", "title": "Hoteles"}, {"category": [], "alias": "venues", "title": "Locales para eventos"}, {"category": [], "alias": "djs", "title": "Pinchadiscos/DJ"}, {"category": [], "alias": "wedding_planning", "title": "Planificaci\u00f3n de bodas"}, {"category": [], "alias": "stationery", "title": "Regalos y papeler\u00edas"}], "alias": "eventservices", "title": "Planificaci\u00f3n de eventos"}, {"category": [{"category": [], "alias": "afghani", "title": "Afgano"}, {"category": [], "alias": "african", "title": "Africano"}, {"category": [], "alias": "german", "title": "Alem\u00e1n"}, {"category": [], "alias": "tradamerican", "title": "Americano (tradicional)"}, {"category": [], "alias": "argentine", "title": "Argentino"}, {"category": [], "alias": "steak", "title": "Asador"}, {"category": [], "alias": "bbq", "title": "Barbacoa"}, {"category": [], "alias": "tapas", "title": "Bares de tapas"}, {"category": [], "alias": "sushi", "title": "Barras de sushi"}, {"category": [], "alias": "belgian", "title": "Belga"}, {"category": [], "alias": "burmese", "title": "Birmano"}, {"category": [], "alias": "cheesesteaks", "title": "Bocatas de carne y queso"}, {"category": [], "alias": "brasseries", "title": "Braser\u00edas"}, {"category": [], "alias": "brazilian", "title": "Brasile\u00f1o"}, {"category": [], "alias": "british", "title": "Brit\u00e1nico"}, {"category": [], "alias": "buffets", "title": "Buffet libre"}, {"category": [], "alias": "cafes", "title": "Cafeter\u00edas"}, {"category": [], "alias": "cambodian", "title": "Camboyano"}, {"category": [], "alias": "caribbean", "title": "Caribe\u00f1o"}, {"category": [{"category": [], "alias": "dimsum", "title": "Comida china tradicional"}], "alias": "chinese", "title": "Chino"}, {"category": [], "alias": "soulfood", "title": "Cocina afro-americana"}, {"category": [], "alias": "raw_food", "title": "Comida cruda"}, {"category": [], "alias": "hotdogs", "title": "Comida r\u00e1pida"}, {"category": [], "alias": "korean", "title": "Coreano"}, {"category": [], "alias": "creperies", "title": "Creper\u00edas"}, {"category": [], "alias": "cuban", "title": "Cubano"}, {"category": [], "alias": "breakfast_brunch", "title": "Desayuno y brunch"}, {"category": [], "alias": "salad", "title": "Ensalada"}, {"category": [], "alias": "scandinavian", "title": "Escandinavo"}, {"category": [], "alias": "spanish", "title": "Espa\u00f1ol"}, {"category": [], "alias": "ethiopian", "title": "Et\u00edope"}, {"category": [], "alias": "modern_european", "title": "Europeo moderno"}, {"category": [], "alias": "filipino", "title": "Filipino"}, {"category": [], "alias": "fishnchips", "title": "Fish & Chips"}, {"category": [], "alias": "fondue", "title": "Fondue"}, {"category": [], "alias": "french", "title": "Franc\u00e9s"}, {"category": [], "alias": "asianfusion", "title": "Fusi\u00f3n asi\u00e1tica"}, {"category": [], "alias": "greek", "title": "Griego"}, {"category": [], "alias": "halal", "title": "Halal"}, {"category": [], "alias": "burgers", "title": "Hamburgueser\u00edas"}, {"category": [], "alias": "hawaiian", "title": "Hawaiano"}, {"category": [], "alias": "himalayan", "title": "Himalayo/nepal\u00ed"}, {"category": [], "alias": "hungarian", "title": "H\u00fangaro"}, {"category": [], "alias": "indpak", "title": "Indio"}, {"category": [], "alias": "indonesian", "title": "Indonesio"}, {"category": [], "alias": "irish", "title": "Irland\u00e9s"}, {"category": [], "alias": "italian", "title": "Italiano"}, {"category": [], "alias": "japanese", "title": "Japon\u00e9s"}, {"category": [], "alias": "kosher", "title": "Kosher"}, {"category": [], "alias": "latin", "title": "Latinoamericano"}, {"category": [], "alias": "cajun", "title": "Louisiana"}, {"category": [], "alias": "malaysian", "title": "Malasio"}, {"category": [], "alias": "seafood", "title": "Marisquer\u00edas"}, {"category": [], "alias": "moroccan", "title": "Marroqu\u00ed"}, {"category": [], "alias": "mediterranean", "title": "Mediterr\u00e1neo"}, {"category": [], "alias": "diners", "title": "Mes\u00f3n"}, {"category": [], "alias": "mexican", "title": "Mexicano"}, {"category": [], "alias": "mongolian", "title": "Mongol"}, {"category": [], "alias": "mideastern", "title": "Oriente Medio"}, {"category": [], "alias": "pakistani", "title": "Pakistan\u00ed"}, {"category": [], "alias": "hotdog", "title": "Perritos calientes"}, {"category": [], "alias": "persian", "title": "Persa/iran\u00ed"}, {"category": [], "alias": "peruvian", "title": "Peruano"}, {"category": [], "alias": "pizza", "title": "Pizza"}, {"category": [], "alias": "polish", "title": "Polaco"}, {"category": [], "alias": "portuguese", "title": "Portugu\u00e9s"}, {"category": [], "alias": "tapasmallplates", "title": "Raciones"}, {"category": [], "alias": "russian", "title": "Ruso"}, {"category": [], "alias": "delis", "title": "Sandwicher\u00eda"}, {"category": [], "alias": "sandwiches", "title": "Sandwiches"}, {"category": [], "alias": "gluten_free", "title": "Sin-Gluten"}, {"category": [], "alias": "singaporean", "title": "Singapurense"}, {"category": [], "alias": "soup", "title": "Sopas"}, {"category": [], "alias": "foodstands", "title": "Stands de alimentaci\u00f3n"}, {"category": [], "alias": "southern", "title": "Sure\u00f1o"}, {"category": [], "alias": "thai", "title": "Tailand\u00e9s"}, {"category": [], "alias": "taiwanese", "title": "Taiwan\u00e9s"}, {"category": [], "alias": "tex-mex", "title": "Tex-Mex"}, {"category": [], "alias": "turkish", "title": "Turco"}, {"category": [], "alias": "ukrainian", "title": "Ucraniano"}, {"category": [], "alias": "basque", "title": "Vasco"}, {"category": [], "alias": "vegan", "title": "Vegano"}, {"category": [], "alias": "vegetarian", "title": "Vegetariano"}, {"category": [], "alias": "vietnamese", "title": "Vietnamita"}], "alias": "restaurants", "title": "Restaurantes y Bares"}, {"category": [{"category": [], "alias": "acupuncture", "title": "Acupuntura"}, {"category": [], "alias": "c_and_mh", "title": "Asesoramiento psicol\u00f3gico y salud mental"}, {"category": [], "alias": "urgent_care", "title": "Asistencia urgente"}, {"category": [], "alias": "homehealthcare", "title": "Atenci\u00f3n m\u00e9dica no profesional"}, {"category": [], "alias": "medicalspa", "title": "Balnearios medicinales"}, {"category": [], "alias": "weightlosscenters", "title": "Centros de adelgazamiento"}, {"category": [], "alias": "cannabis_clinics", "title": "Centros de tratamiento con cannabis"}, {"category": [], "alias": "medcenters", "title": "Centros m\u00e9dicos"}, {"category": [], "alias": "laserlasikeyes", "title": "Cirug\u00eda l\u00e1ser ocular/Lasik"}, {"category": [{"category": [], "alias": "oralsurgeons", "title": "Cirujano-dentistas"}, {"category": [], "alias": "pediatric_dentists", "title": "Dentista infantil"}, {"category": [], "alias": "cosmeticdentists", "title": "Dentistas cosm\u00e9ticos"}, {"category": [], "alias": "endodontists", "title": "Endodoncia"}, {"category": [], "alias": "generaldentistry", "title": "Odontolog\u00eda en general"}, {"category": [], "alias": "orthodontists", "title": "Ortodoncia"}, {"category": [], "alias": "periodontists", "title": "Periodoncia"}], "alias": "dentists", "title": "Dentistas"}, {"category": [], "alias": "physicaltherapy", "title": "Fisioterapia"}, {"category": [], "alias": "hospitals", "title": "Hospitales"}, {"category": [], "alias": "speech_therapists", "title": "Logopedas"}, {"category": [], "alias": "midwives", "title": "Matronas"}, {"category": [], "alias": "tcm", "title": "Medicina china tradicional"}, {"category": [{"category": [], "alias": "allergist", "title": "Alerg\u00f3logos"}, {"category": [], "alias": "audiologist", "title": "Audi\u00f3logo"}, {"category": [], "alias": "cardiology", "title": "Cardi\u00f3logos"}, {"category": [], "alias": "cosmeticsurgeons", "title": "Cirujanos de est\u00e9tica"}, {"category": [], "alias": "dermatology", "title": "Dermat\u00f3logos"}, {"category": [], "alias": "tattooremoval", "title": "Eliminaci\u00f3n de tatuajes"}, {"category": [], "alias": "proctologist", "title": "Encargados de protocolo"}, {"category": [], "alias": "fertility", "title": "Fertilidad"}, {"category": [], "alias": "gastroenterologist", "title": "Gastroenter\u00f3logo"}, {"category": [], "alias": "gerontologist", "title": "Geriatras"}, {"category": [], "alias": "sportsmed", "title": "Medicina deportiva"}, {"category": [], "alias": "internalmed", "title": "Medicina interna"}, {"category": [], "alias": "familydr", "title": "M\u00e9dicos de familia"}, {"category": [], "alias": "naturopathic", "title": "Naturop\u00e1tico/hol\u00edstico"}, {"category": [], "alias": "pulmonologist", "title": "Neum\u00f3logo"}, {"category": [], "alias": "neurologist", "title": "Neur\u00f3logo"}, {"category": [], "alias": "obgyn", "title": "Obstetricia y ginecolog\u00eda"}, {"category": [], "alias": "opthamalogists", "title": "Oftalm\u00f3logos"}, {"category": [], "alias": "oncologist", "title": "Onc\u00f3logo"}, {"category": [], "alias": "orthopedists", "title": "Ortopedia"}, {"category": [], "alias": "osteopathicphysicians", "title": "Oste\u00f3patas"}, {"category": [], "alias": "earnosethroat", "title": "O\u00eddo, nariz y garganta"}, {"category": [], "alias": "pediatricians", "title": "Pediatras"}, {"category": [], "alias": "podiatrists", "title": "Pod\u00f3logos"}, {"category": [], "alias": "psychiatrists", "title": "Psiquiatras"}], "alias": "physicians", "title": "M\u00e9dicos"}, {"category": [], "alias": "nutritionists", "title": "Nutricionistas"}, {"category": [], "alias": "hospice", "title": "Orfanato"}, {"category": [], "alias": "chiropractors", "title": "Quiropr\u00e1cticos"}, {"category": [], "alias": "retirement_homes", "title": "Residencias"}, {"category": [], "alias": "optometrists", "title": "\u00d3pticos y optometristas"}], "alias": "health", "title": "Salud y medicina"}, {"category": [{"category": [], "alias": "lighting", "title": "Accesorios y equipos de iluminaci\u00f3n"}, {"category": [], "alias": "hvac", "title": "Calefacci\u00f3n y aire acondicionado"}, {"category": [], "alias": "locksmiths", "title": "Cerrajeros"}, {"category": [], "alias": "carpetinstallation", "title": "Colocaci\u00f3n de moquetas"}, {"category": [], "alias": "contractors", "title": "Contratas"}, {"category": [], "alias": "windowsinstallation", "title": "Cristaler\u00edas"}, {"category": [], "alias": "interiordesign", "title": "Dise\u00f1o de interiores"}, {"category": [], "alias": "electricians", "title": "Electricistas"}, {"category": [], "alias": "carpeting", "title": "Enmoquetado"}, {"category": [], "alias": "plumbing", "title": "Fontaner\u00eda"}, {"category": [{"category": [], "alias": "propertymgmt", "title": "Administraci\u00f3n de fincas"}, {"category": [], "alias": "mortgagebrokers", "title": "Agente hipotecario"}, {"category": [], "alias": "realestateagents", "title": "Agentes inmobiliarios"}, {"category": [], "alias": "apartments", "title": "Alquiler"}, {"category": [], "alias": "homestaging", "title": "Preparaci\u00f3n de la vivienda para su venta"}, {"category": [], "alias": "university_housing", "title": "Residencias universitarias"}, {"category": [], "alias": "realestatesvcs", "title": "Servicios inmobiliarios"}], "alias": "realestate", "title": "Inmobiliarias"}, {"category": [], "alias": "solarinstallation", "title": "Instalaci\u00f3n de energ\u00eda solar"}, {"category": [], "alias": "hometheatreinstallation", "title": "Instalaci\u00f3n electr\u00f3nica en el hogar"}, {"category": [], "alias": "gardeners", "title": "Jardineros"}, {"category": [], "alias": "windowwashing", "title": "Limpieza de cristales"}, {"category": [], "alias": "poolcleaners", "title": "Limpieza de piscinas"}, {"category": [], "alias": "homecleaning", "title": "Limpieza del hogar"}, {"category": [], "alias": "handyman", "title": "Manitas"}, {"category": [], "alias": "buildingsupplies", "title": "Material de construcci\u00f3n"}, {"category": [], "alias": "movers", "title": "Mudanzas"}, {"category": [], "alias": "landscaping", "title": "Paisajismo"}, {"category": [], "alias": "landscapearchitects", "title": "Paisajistas"}, {"category": [], "alias": "flooring", "title": "Pavimentos"}, {"category": [], "alias": "home_inspectors", "title": "Peritos inmobiliarios"}, {"category": [], "alias": "blinds", "title": "Persianas y estores"}, {"category": [], "alias": "painters", "title": "Pintores"}, {"category": [], "alias": "isps", "title": "Proveedores de internet"}, {"category": [], "alias": "televisionserviceproviders", "title": "Proveedores de televisi\u00f3n"}, {"category": [], "alias": "treeservices", "title": "Servicios de jardiner\u00eda"}, {"category": [], "alias": "securitysystems", "title": "Sistemas de seguridad"}, {"category": [], "alias": "roofing", "title": "Techados"}], "alias": "homeservices", "title": "Servicios del hogar"}, {"category": [{"category": [], "alias": "financialadvising", "title": "Asesoramiento financiero"}, {"category": [], "alias": "banks", "title": "Bancos y cajas"}, {"category": [], "alias": "paydayloans", "title": "Cobro de cheques/pr\u00e9stamo a pagar el mismo d\u00eda"}, {"category": [], "alias": "investing", "title": "Inversiones"}, {"category": [], "alias": "insurance", "title": "Seguros"}, {"category": [], "alias": "taxservices", "title": "Servicio de Impuestos"}], "alias": "financialservices", "title": "Servicios financieros"}, {"category": [{"category": [], "alias": "sewingalterations", "title": "Arreglos de ropa"}, {"category": [], "alias": "selfstorage", "title": "Autoalmacenamiento"}, {"category": [], "alias": "shipping_centers", "title": "Centro naviero"}, {"category": [], "alias": "recyclingcenter", "title": "Centros de reciclaje"}, {"category": [], "alias": "pest_control", "title": "Control de plagas"}, {"category": [], "alias": "childcare", "title": "Cuidado infantil"}, {"category": [], "alias": "homeappliancerepair", "title": "Electrodom\u00e9sticos y reparaciones"}, {"category": [], "alias": "recording_studios", "title": "Estudios de grabaci\u00f3n y ensayo"}, {"category": [], "alias": "funeralservices", "title": "Funerarias y cementerios"}, {"category": [], "alias": "screenprinting", "title": "Impresi\u00f3n por pantalla"}, {"category": [], "alias": "carpet_cleaning", "title": "Limpieza de alfombras"}, {"category": [], "alias": "couriers", "title": "Mensajer\u00eda y servicios de entrega"}, {"category": [], "alias": "notaries", "title": "Notarios"}, {"category": [], "alias": "nonprofit", "title": "ONG y voluntariado"}, {"category": [], "alias": "snowremoval", "title": "Quitanieves"}, {"category": [], "alias": "junkremovalandhauling", "title": "Recogida y eliminaci\u00f3n de trastos"}, {"category": [], "alias": "electronicsrepair", "title": "Reparaciones electr\u00f3nicas"}, {"category": [], "alias": "shoerepair", "title": "Reparaci\u00f3n de calzado"}, {"category": [], "alias": "watch_repair", "title": "Reparaci\u00f3n de relojes"}, {"category": [], "alias": "copyshops", "title": "Reprograf\u00eda"}, {"category": [], "alias": "reupholstery", "title": "Restauraci\u00f3n de muebles"}, {"category": [], "alias": "itservices", "title": "Servicios inform\u00e1ticos y reparaci\u00f3n de ordenadores"}, {"category": [], "alias": "drycleaninglaundry", "title": "Tintorer\u00edas y lavander\u00edas"}], "alias": "localservices", "title": "Servicios locales"}, {"category": [{"category": [{"category": [], "alias": "criminaldefense", "title": "Defensa Penal"}, {"category": [], "alias": "employmentlawyers", "title": "Derecho laboral"}, {"category": [], "alias": "estateplanning", "title": "Derecho patrimonial "}, {"category": [], "alias": "divorce", "title": "Divorcios y derecho familiar"}, {"category": [], "alias": "immigrationlawyers", "title": "Inmigraci\u00f3n"}, {"category": [], "alias": "general_litigation", "title": "Juicios generales"}, {"category": [], "alias": "personal_injury", "title": "Ley de lesiones personales"}, {"category": [], "alias": "realestatelawyers", "title": "Ley inmobiliaria"}, {"category": [], "alias": "bankruptcy", "title": "Ley sobre quiebras bancarias "}], "alias": "lawyers", "title": "Abogados"}, {"category": [], "alias": "architects", "title": "Arquitectos"}, {"category": [], "alias": "accountants", "title": "Contables"}, {"category": [], "alias": "web_design", "title": "Dise\u00f1o de p\u00e1ginas web"}, {"category": [], "alias": "graphicdesign", "title": "Dise\u00f1o gr\u00e1fico"}, {"category": [], "alias": "employmentagencies", "title": "Empresas de trabajo temporal"}, {"category": [], "alias": "lifecoach", "title": "Entrenador para la vida"}, {"category": [], "alias": "privateinvestigation", "title": "Investigaci\u00f3n privada"}, {"category": [], "alias": "officecleaning", "title": "Limpieza de oficinas"}, {"category": [], "alias": "marketing", "title": "Marketing"}, {"category": [], "alias": "videofilmproductions", "title": "Montaje de v\u00eddeos/pel\u00edculas"}, {"category": [], "alias": "careercounseling", "title": "Orientaci\u00f3n laboral"}, {"category": [], "alias": "isps", "title": "Proveedores de internet"}, {"category": [], "alias": "advertising", "title": "Publicidad"}, {"category": [], "alias": "publicrelations", "title": "Relaciones p\u00fablicas"}, {"category": [], "alias": "boatrepair", "title": "Reparaci\u00f3n de Embarcaciones"}], "alias": "professional", "title": "Servicios profesionales"}, {"category": [{"category": [], "alias": "libraries", "title": "Bibliotecas"}, {"category": [], "alias": "policedepartments", "title": "Comisar\u00edas"}, {"category": [], "alias": "landmarks", "title": "Lugares emblem\u00e1ticos y monumentos hist\u00f3ricos"}, {"category": [], "alias": "postoffices", "title": "Oficinas de correos"}, {"category": [], "alias": "departmentsofmotorvehicles", "title": "Transportes"}], "alias": "publicservicesgovt", "title": "Servicios p\u00fablicos"}, {"category": [{"category": [], "alias": "aquariums", "title": "Acuarios"}, {"category": [], "alias": "bikerentals", "title": "Alquiler de bicicletas"}, {"category": [], "alias": "mountainbiking", "title": "Bicicleta de monta\u00f1a"}, {"category": [], "alias": "bowling", "title": "Boleras"}, {"category": [{"category": [], "alias": "scuba", "title": "Buceo"}, {"category": [], "alias": "freediving", "title": "Buceo libre"}], "alias": "diving", "title": "Buceo"}, {"category": [], "alias": "summer_camps", "title": "Campamentos de verano"}, {"category": [], "alias": "recreation", "title": "Centros de Ocio"}, {"category": [], "alias": "leisure_centers", "title": "Centros de ocio"}, {"category": [], "alias": "sports_clubs", "title": "Clubs deportivos"}, {"category": [], "alias": "discgolf", "title": "Disc Golf"}, {"category": [], "alias": "amateursportsteams", "title": "Equipos deportivos aficionados"}, {"category": [], "alias": "climbing", "title": "Escalada"}, {"category": [{"category": [], "alias": "martialarts", "title": "Artes marciales"}, {"category": [], "alias": "healthtrainers", "title": "Entrenadores"}, {"category": [], "alias": "swimminglessons", "title": "Escuelas/clases de nataci\u00f3n"}, {"category": [], "alias": "dancestudio", "title": "Estudios de baile"}, {"category": [], "alias": "gyms", "title": "Gimnasios"}, {"category": [], "alias": "pilates", "title": "Pilates"}, {"category": [], "alias": "taichi", "title": "Tai Chi"}, {"category": [], "alias": "yoga", "title": "Yoga"}], "alias": "fitness", "title": "Fitness y clases"}, {"category": [], "alias": "football", "title": "F\u00fatbol"}, {"category": [], "alias": "gun_ranges", "title": "Galer\u00eda de tiro con pistola/rifle"}, {"category": [], "alias": "golf", "title": "Golf"}, {"category": [], "alias": "gokarts", "title": "Karts"}, {"category": [], "alias": "lakes", "title": "Lagos"}, {"category": [], "alias": "mini_golf", "title": "Minigolf"}, {"category": [], "alias": "horsebackriding", "title": "Montar a caballo"}, {"category": [], "alias": "boating", "title": "Navegaci\u00f3n"}, {"category": [], "alias": "skydiving", "title": "Paracaidismo"}, {"category": [{"category": [], "alias": "dog_parks", "title": "Parques para perros"}, {"category": [], "alias": "skate_parks", "title": "Pistas de skate"}], "alias": "parks", "title": "Parques"}, {"category": [], "alias": "amusementparks", "title": "Parques de atracciones"}, {"category": [], "alias": "fishing", "title": "Pesca"}, {"category": [], "alias": "swimmingpools", "title": "Piscinas"}, {"category": [], "alias": "skatingrinks", "title": "Pistas de patinaje"}, {"category": [], "alias": "tennis", "title": "Pistas de tenis/p\u00e1del"}, {"category": [], "alias": "beaches", "title": "Playas"}, {"category": [], "alias": "rafting", "title": "Rafting/Kayak"}, {"category": [], "alias": "hiking", "title": "Senderismo"}, {"category": [], "alias": "archery", "title": "Tiro con arco"}, {"category": [], "alias": "playgrounds", "title": "Zonas de recreo"}, {"category": [], "alias": "zoos", "title": "Zoos"}], "alias": "active", "title": "Vida activa"}, {"category": [{"category": [{"category": [], "alias": "divebars", "title": "Bares de barrio"}, {"category": [], "alias": "sportsbars", "title": "Bares de deportes"}, {"category": [], "alias": "champagne_bars", "title": "Champa\u00f1er\u00edas"}, {"category": [], "alias": "gaybars", "title": "Gay bar"}, {"category": [], "alias": "hookah_bars", "title": "Locales para fumar cachimba"}, {"category": [], "alias": "lounges", "title": "Lounges"}, {"category": [], "alias": "pubs", "title": "Pubs"}, {"category": [], "alias": "wine_bars", "title": "Vinater\u00edas"}], "alias": "bars", "title": "Bares"}, {"category": [], "alias": "comedyclubs", "title": "Clubs de comedia"}, {"category": [], "alias": "danceclubs", "title": "Discotecas"}, {"category": [], "alias": "jazzandblues", "title": "Jazz y Blues"}, {"category": [], "alias": "karaoke", "title": "Karaoke"}, {"category": [], "alias": "musicvenues", "title": "Locales de m\u00fasica"}, {"category": [], "alias": "adultentertainment", "title": "Ocio para adultos"}, {"category": [], "alias": "poolhalls", "title": "Salas de billares"}], "alias": "nightlife", "title": "Vida nocturna"}, {"category": [], "alias": "localflavor", "title": "\u00danico en la ciudad"}]