[{"category": [{"category": [], "alias": "smog_check_stations", "title": "Abgasuntersuchung"}, {"category": [], "alias": "towing", "title": "Abschleppdienste"}, {"category": [], "alias": "autopartssupplies", "title": "Auto-Ersatzteile"}, {"category": [], "alias": "autorepair", "title": "Auto-Reparaturen"}, {"category": [], "alias": "car_dealers", "title": "Autoh\u00e4ndler"}, {"category": [], "alias": "tires", "title": "Autoreifen"}, {"category": [], "alias": "carwash", "title": "Autowaschanlagen"}, {"category": [], "alias": "motorcycledealers", "title": "Motorradh\u00e4ndler"}, {"category": [], "alias": "motorcyclerepair", "title": "Motorradreparatur"}, {"category": [], "alias": "parking", "title": "Parkpl\u00e4tze"}, {"category": [], "alias": "servicestations", "title": "Tankstellen & Autowerkst\u00e4tten"}], "alias": "auto", "title": "Auto"}, {"category": [{"category": [], "alias": "barbers", "title": "Barbiere"}, {"category": [], "alias": "hair", "title": "Coiffeure"}, {"category": [], "alias": "spas", "title": "Day Spas"}, {"category": [{"category": [], "alias": "laser_hair_removal", "title": "Laser-Haarentfernung"}], "alias": "hairremoval", "title": "Haarentfernung"}, {"category": [], "alias": "skincare", "title": "Haut- & K\u00f6rperpflege"}, {"category": [], "alias": "cosmetics", "title": "Kosmetik- und Sch\u00f6nheitsartikel"}, {"category": [], "alias": "medicalspa", "title": "Kurmittelh\u00e4user"}, {"category": [], "alias": "massage", "title": "Massage"}, {"category": [], "alias": "othersalons", "title": "Nagelstudios"}, {"category": [], "alias": "perfume", "title": "Parf\u00fcmerien"}, {"category": [], "alias": "piercing", "title": "Piercing"}, {"category": [], "alias": "tanning", "title": "Solarien & Sonnenb\u00e4nke"}, {"category": [], "alias": "tattoo", "title": "T\u00e4towierungen"}, {"category": [], "alias": "makeupartists", "title": "Visagisten"}, {"category": [], "alias": "eyelashservice", "title": "Wimpernstudio"}], "alias": "beautysvc", "title": "Beauty & Wellness"}, {"category": [{"category": [], "alias": "adultedu", "title": "Erwachsenenbildung"}, {"category": [], "alias": "elementaryschools", "title": "Grundschulen"}, {"category": [], "alias": "collegeuniv", "title": "Hochschulen & Universit\u00e4ten"}, {"category": [], "alias": "preschools", "title": "Kinderg\u00e4rten"}, {"category": [], "alias": "privatetutors", "title": "Nachhilfelehrer"}, {"category": [], "alias": "tutoring", "title": "Nachhilfezentren"}, {"category": [], "alias": "testprep", "title": "Pr\u00fcfungsvorbereitung"}, {"category": [], "alias": "specialed", "title": "Sonderp\u00e4dagogik"}, {"category": [{"category": [], "alias": "vocation", "title": "Berufsschulen"}, {"category": [], "alias": "driving_schools", "title": "Fahrschulen"}, {"category": [], "alias": "flightinstruction", "title": "Flugunterricht"}, {"category": [], "alias": "cookingschools", "title": "Kochkurse & Kochschulen"}, {"category": [], "alias": "cosmetology_schools", "title": "Kosmetikschulen"}, {"category": [], "alias": "artschools", "title": "Kunstakademien"}, {"category": [], "alias": "massage_schools", "title": "Massageschulen"}, {"category": [], "alias": "swimminglessons", "title": "Schwimmunterricht"}, {"category": [], "alias": "language_schools", "title": "Sprachschulen & Sprachunterricht"}, {"category": [], "alias": "dance_schools", "title": "Tanzschulen"}], "alias": "specialtyschools", "title": "Spezialisierte Schulen"}, {"category": [], "alias": "educationservices", "title": "Weiterbildung"}, {"category": [], "alias": "highschools", "title": "Weiterf\u00fchrende Schulen"}], "alias": "education", "title": "Bildung"}, {"category": [{"category": [], "alias": "advertising", "title": "Anzeigen"}, {"category": [], "alias": "employmentagencies", "title": "Arbeitsvermittlungen"}, {"category": [], "alias": "architects", "title": "Architekten"}, {"category": [], "alias": "careercounseling", "title": "Berufsberatung"}, {"category": [], "alias": "accountants", "title": "Buchhalter "}, {"category": [], "alias": "officecleaning", "title": "B\u00fcroreinigung"}, {"category": [], "alias": "graphicdesign", "title": "Grafikdesign"}, {"category": [], "alias": "isps", "title": "Internetservice"}, {"category": [], "alias": "lifecoach", "title": "Life-Coaching"}, {"category": [], "alias": "marketing", "title": "Marketing"}, {"category": [], "alias": "privateinvestigation", "title": "Privatdetektive"}, {"category": [{"category": [], "alias": "general_litigation", "title": "Allgemeine Rechtsstreitigkeiten"}, {"category": [], "alias": "employmentlawyers", "title": "Arbeitsrecht"}, {"category": [], "alias": "immigrationlawyers", "title": "Einwanderungsrecht & Ausl\u00e4nderrecht"}, {"category": [], "alias": "realestatelawyers", "title": "Immobilienrecht"}, {"category": [], "alias": "bankruptcy", "title": "Insolvenzrecht"}, {"category": [], "alias": "estateplanning", "title": "Nachlassplanung"}, {"category": [], "alias": "personal_injury", "title": "Personensch\u00e4den & Schadenersatz"}, {"category": [], "alias": "divorce", "title": "Scheidungs- & Familienrecht"}, {"category": [], "alias": "criminaldefense", "title": "Strafverteidigung"}], "alias": "lawyers", "title": "Rechtsanw\u00e4lte"}, {"category": [], "alias": "boatrepair", "title": "Schiffsreparatur"}, {"category": [], "alias": "security", "title": "Security Services"}, {"category": [], "alias": "videofilmproductions", "title": "Video-/Filmproduktion"}, {"category": [], "alias": "web_design", "title": "Webdesign"}, {"category": [], "alias": "publicrelations", "title": "\u00d6ffentlichkeitsarbeit & PR"}], "alias": "professional", "title": "Dienstleistungen"}, {"category": [{"category": [], "alias": "boatcharters", "title": "Bootsverleih"}, {"category": [], "alias": "catering", "title": "Cateringservice"}, {"category": [], "alias": "djs", "title": "DJs"}, {"category": [], "alias": "photographers", "title": "Fotografen"}, {"category": [], "alias": "wedding_planning", "title": "Hochzeitsplanung"}, {"category": [], "alias": "hotels", "title": "Hotels"}, {"category": [], "alias": "stationery", "title": "Papeterie"}, {"category": [], "alias": "eventplanning", "title": "Party- & Eventplanung"}, {"category": [], "alias": "partysupplies", "title": "Partybedarf"}, {"category": [], "alias": "personalchefs", "title": "Privat-K\u00f6che"}, {"category": [], "alias": "venues", "title": "Tagungs- & Veranstaltungsorte"}, {"category": [], "alias": "videographers", "title": "Videographie"}], "alias": "eventservices", "title": "Eventplanung & -Service"}, {"category": [{"category": [], "alias": "banks", "title": "Banken"}, {"category": [], "alias": "financialadvising", "title": "Finanzberatung"}, {"category": [], "alias": "investing", "title": "Investitionen"}, {"category": [], "alias": "taxservices", "title": "Steuerberater"}, {"category": [], "alias": "insurance", "title": "Versicherungen"}], "alias": "financialservices", "title": "Finanzdienstleistungen"}, {"category": [{"category": [], "alias": "acupuncture", "title": "Akupunktur"}, {"category": [], "alias": "pharmacy", "title": "Apotheken"}, {"category": [], "alias": "optometrists", "title": "Augenoptiker"}, {"category": [], "alias": "chiropractors", "title": "Chiropraktiker"}, {"category": [], "alias": "weightlosscenters", "title": "Di\u00e4tzentren"}, {"category": [], "alias": "nutritionists", "title": "Ern\u00e4hrungsberater"}, {"category": [], "alias": "medcenters", "title": "Gesundheitszentren"}, {"category": [], "alias": "midwives", "title": "Hebammen"}, {"category": [], "alias": "medicalspa", "title": "Kurmittelh\u00e4user"}, {"category": [], "alias": "laserlasikeyes", "title": "Laser-Augenoperationen"}, {"category": [], "alias": "speech_therapists", "title": "Logop\u00e4den"}, {"category": [], "alias": "urgent_care", "title": "Notdienste & Notaufnahmen"}, {"category": [], "alias": "homehealthcare", "title": "Pflegedienste"}, {"category": [], "alias": "hospice", "title": "Pflegeheim"}, {"category": [], "alias": "physicaltherapy", "title": "Physiotherapie"}, {"category": [], "alias": "c_and_mh", "title": "Psychologische Beratung"}, {"category": [], "alias": "saunas", "title": "Saunas"}, {"category": [], "alias": "retirement_homes", "title": "Seniorenheime"}, {"category": [], "alias": "hospitals", "title": "Spit\u00e4ler"}, {"category": [], "alias": "tcm", "title": "Traditionelle Chinesische Medizin"}, {"category": [{"category": [], "alias": "generaldentistry", "title": "Allgemeine Zahnheilkunde"}, {"category": [], "alias": "endodontists", "title": "Endodontisten"}, {"category": [], "alias": "oralsurgeons", "title": "Kieferchirurgen"}, {"category": [], "alias": "orthodontists", "title": "Kieferorthop\u00e4den"}, {"category": [], "alias": "pediatric_dentists", "title": "Kinderzahn\u00e4rzte"}, {"category": [], "alias": "cosmeticdentists", "title": "Kosmetische Zahn\u00e4rzte"}, {"category": [], "alias": "periodontists", "title": "Parodontologen"}], "alias": "dentists", "title": "Zahn\u00e4rzte"}, {"category": [{"category": [], "alias": "allergist", "title": "Allergologen"}, {"category": [], "alias": "familydr", "title": "Allgemeinmediziner"}, {"category": [], "alias": "audiologist", "title": "Audiologen"}, {"category": [], "alias": "opthamalogists", "title": "Augen\u00e4rzte"}, {"category": [], "alias": "surgeons", "title": "Chirurgen"}, {"category": [], "alias": "dermatology", "title": "Dermatologen"}, {"category": [], "alias": "tattooremoval", "title": "Entfernung von T\u00e4towierungen"}, {"category": [], "alias": "obgyn", "title": "Frauen\u00e4rzte"}, {"category": [], "alias": "fertility", "title": "Fruchtbarkeit"}, {"category": [], "alias": "gastroenterologist", "title": "Gastroenterologen"}, {"category": [], "alias": "gerontologist", "title": "Gerontologen"}, {"category": [], "alias": "earnosethroat", "title": "Hals-, Nasen- & Ohren\u00e4rzte"}, {"category": [], "alias": "internalmed", "title": "Internisten"}, {"category": [], "alias": "cardiology", "title": "Kardiologen"}, {"category": [], "alias": "pediatricians", "title": "Kinder\u00e4rzte"}, {"category": [], "alias": "cosmeticsurgeons", "title": "Kosmetische Chirurgen"}, {"category": [], "alias": "naturopathic", "title": "Naturheilkunde"}, {"category": [], "alias": "neurologist", "title": "Neurologe"}, {"category": [], "alias": "oncologist", "title": "Onkologe"}, {"category": [], "alias": "orthopedists", "title": "Orthop\u00e4den"}, {"category": [], "alias": "osteopathicphysicians", "title": "Osteopathen"}, {"category": [], "alias": "podiatrists", "title": "Podologe"}, {"category": [], "alias": "proctologist", "title": "Proktologen"}, {"category": [], "alias": "psychiatrists", "title": "Psychiater"}, {"category": [], "alias": "pulmonologist", "title": "Pulmonologist"}, {"category": [], "alias": "sportsmed", "title": "Sportmedizin"}], "alias": "physicians", "title": "\u00c4rzte"}], "alias": "health", "title": "Gesundheit & \u00c4rzte"}, {"category": [{"category": [], "alias": "treeservices", "title": "Baumpflege"}, {"category": [], "alias": "buildingsupplies", "title": "Baum\u00e4rkte"}, {"category": [], "alias": "contractors", "title": "Bauunternehmen"}, {"category": [], "alias": "lighting", "title": "Beleuchtung"}, {"category": [], "alias": "roofing", "title": "Dachdecker"}, {"category": [], "alias": "electricians", "title": "Elektriker"}, {"category": [], "alias": "windowsinstallation", "title": "Fensterinstallationen"}, {"category": [], "alias": "windowwashing", "title": "Fensterreinigung"}, {"category": [], "alias": "televisionserviceproviders", "title": "Fernsehanbieter"}, {"category": [], "alias": "flooring", "title": "Fussbodenbel\u00e4ge"}, {"category": [], "alias": "gardeners", "title": "G\u00e4rtner"}, {"category": [], "alias": "handyman", "title": "Handwerker"}, {"category": [], "alias": "hometheatreinstallation", "title": "Heimkinoinstallation"}, {"category": [], "alias": "hvac", "title": "Heizung & Klimaanlagen"}, {"category": [{"category": [], "alias": "propertymgmt", "title": "Hausverwaltung"}, {"category": [], "alias": "mortgagebrokers", "title": "Hypothekenmakler"}, {"category": [], "alias": "realestateagents", "title": "Makler"}, {"category": [], "alias": "university_housing", "title": "Studentenwohnheime"}, {"category": [], "alias": "apartments", "title": "Wohnungen"}], "alias": "realestate", "title": "Immobilien- & Wohnungsmarkt"}, {"category": [], "alias": "home_inspectors", "title": "Immobiliensachverst\u00e4ndige"}, {"category": [], "alias": "interiordesign", "title": "Inneneinrichtung"}, {"category": [], "alias": "isps", "title": "Internetservice"}, {"category": [], "alias": "blinds", "title": "Jalousien & Vorh\u00e4nge"}, {"category": [], "alias": "landscapearchitects", "title": "Landschaftsarchitekten"}, {"category": [], "alias": "landscaping", "title": "Landschaftsbau"}, {"category": [], "alias": "painters", "title": "Maler & Tapezierer"}, {"category": [], "alias": "homecleaning", "title": "Reinigungskr\u00e4fte"}, {"category": [], "alias": "plumbing", "title": "Sanit\u00e4r"}, {"category": [], "alias": "locksmiths", "title": "Schl\u00fcsseldienste"}, {"category": [], "alias": "carpenters", "title": "Schreiner"}, {"category": [], "alias": "poolcleaners", "title": "Schwimmbadreinigung"}, {"category": [], "alias": "securitysystems", "title": "Sicherheitssysteme"}, {"category": [], "alias": "solarinstallation", "title": "Solarinstallationen"}, {"category": [], "alias": "carpeting", "title": "Teppichb\u00f6den"}, {"category": [], "alias": "carpetinstallation", "title": "Teppichverleger"}, {"category": [], "alias": "movers", "title": "Umzugsunternehmen"}], "alias": "homeservices", "title": "Handwerksleistungen"}, {"category": [{"category": [], "alias": "petstore", "title": "Haustierbedarf"}, {"category": [{"category": [], "alias": "dogwalkers", "title": "Dogwalker"}, {"category": [], "alias": "pet_sitting", "title": "Haustierbetreuung"}, {"category": [], "alias": "groomer", "title": "Hunde- & Katzensalon"}, {"category": [], "alias": "pet_training", "title": "Hundeschulen"}], "alias": "petservices", "title": "Haustierservices"}, {"category": [], "alias": "animalshelters", "title": "Tierheime"}, {"category": [], "alias": "vet", "title": "Tier\u00e4rzte"}], "alias": "pets", "title": "Haustiere"}, {"category": [{"category": [], "alias": "propertymgmt", "title": "Hausverwaltung"}, {"category": [], "alias": "mortgagebrokers", "title": "Hypothekenmakler"}, {"category": [], "alias": "realestateagents", "title": "Makler"}, {"category": [], "alias": "university_housing", "title": "Studentenwohnheime"}, {"category": [], "alias": "apartments", "title": "Wohnungen"}], "alias": "realestate", "title": "Immobilien- & Wohnungsmarkt"}, {"category": [{"category": [], "alias": "gardens", "title": "Botanische G\u00e4rten"}, {"category": [], "alias": "jazzandblues", "title": "Jazz & Blues"}, {"category": [], "alias": "casinos", "title": "Kasinos"}, {"category": [], "alias": "movietheaters", "title": "Kinos"}, {"category": [], "alias": "galleries", "title": "Kunstgalerien"}, {"category": [{"category": [], "alias": "funfair", "title": "Chilbi"}, {"category": [], "alias": "generalfestivals", "title": "Festivals"}, {"category": [], "alias": "tradefairs", "title": "Messen"}, {"category": [], "alias": "xmasmarkets", "title": "Weihnachtsm\u00e4rkte"}], "alias": "festivals", "title": "Messen & Festivals"}, {"category": [], "alias": "museums", "title": "Museen"}, {"category": [], "alias": "opera", "title": "Oper & Ballett"}, {"category": [], "alias": "sportsteams", "title": "Professionelle Sportmannschaften"}, {"category": [], "alias": "arcades", "title": "Spielhallen"}, {"category": [], "alias": "stadiumsarenas", "title": "Stadien & Arenen"}, {"category": [], "alias": "theater", "title": "Theater & Performance"}, {"category": [], "alias": "musicvenues", "title": "Veranstaltungsorte"}, {"category": [], "alias": "social_clubs", "title": "Vereine"}, {"category": [], "alias": "psychic_astrology", "title": "Wahrsager & Astrologen"}, {"category": [], "alias": "wineries", "title": "Weinhandlungen & Winzer"}], "alias": "arts", "title": "Kunst & Entertainment"}, {"category": [{"category": [], "alias": "junkremovalandhauling", "title": "Abfallentsorgung"}, {"category": [], "alias": "recording_studios", "title": "Aufnahme- & Prober\u00e4ume"}, {"category": [], "alias": "itservices", "title": "Computerreparaturen"}, {"category": [], "alias": "copyshops", "title": "Copyshops & Druckereien "}, {"category": [], "alias": "electronicsrepair", "title": "Elektroinstallationen"}, {"category": [], "alias": "funeralservices", "title": "Friedh\u00f6fe & Beerdigungsinstitute"}, {"category": [], "alias": "nonprofit", "title": "Gemeinn\u00fctzige Verb\u00e4nde"}, {"category": [], "alias": "homeappliancerepair", "title": "Haushaltsger\u00e4te"}, {"category": [], "alias": "pest_control", "title": "Kammerj\u00e4ger"}, {"category": [], "alias": "childcare", "title": "Kinderbetreuung"}, {"category": [], "alias": "couriers", "title": "Kurierdienste"}, {"category": [], "alias": "selfstorage", "title": "Lagerr\u00e4ume & Storage"}, {"category": [], "alias": "shipping_centers", "title": "Logistik- & Versandzentren"}, {"category": [], "alias": "notaries", "title": "Notare & Urkundenbeglaubigungen"}, {"category": [], "alias": "reupholstery", "title": "Polstereien"}, {"category": [], "alias": "record_labels", "title": "Record Labels"}, {"category": [], "alias": "recyclingcenter", "title": "Recycling-Centers"}, {"category": [], "alias": "snowremoval", "title": "Schneer\u00e4umung"}, {"category": [], "alias": "shoerepair", "title": "Schuhmacher"}, {"category": [], "alias": "screenprinting", "title": "Siebdruck"}, {"category": [], "alias": "carpet_cleaning", "title": "Teppichreinigung"}, {"category": [], "alias": "watch_repair", "title": "Uhrmacher"}, {"category": [], "alias": "drycleaninglaundry", "title": "W\u00e4schereien & Reinigungen"}, {"category": [], "alias": "sewingalterations", "title": "\u00c4nderungsschneidereien"}], "alias": "localservices", "title": "Lokale Dienstleistungen"}, {"category": [], "alias": "localflavor", "title": "Lokales"}, {"category": [{"category": [], "alias": "televisionstations", "title": "Fernsehsender"}, {"category": [], "alias": "printmedia", "title": "Printmedien"}, {"category": [], "alias": "radiostations", "title": "Radiosender"}], "alias": "massmedia", "title": "Medien"}, {"category": [{"category": [{"category": [], "alias": "beachbars", "title": "Beachbars"}, {"category": [], "alias": "champagne_bars", "title": "Champagnerbars"}, {"category": [], "alias": "cocktailbars", "title": "Cocktailbars"}, {"category": [], "alias": "gaybars", "title": "Gay & Lesbian"}, {"category": [], "alias": "irish_pubs", "title": "Irish Pub"}, {"category": [], "alias": "divebars", "title": "Kneipen"}, {"category": [], "alias": "lounges", "title": "Lounges"}, {"category": [], "alias": "pubs", "title": "Pubs"}, {"category": [], "alias": "hookah_bars", "title": "Shisha-Bars"}, {"category": [], "alias": "wine_bars", "title": "Weinbars"}], "alias": "bars", "title": "Bars"}, {"category": [], "alias": "poolhalls", "title": "Billardsalons"}, {"category": [], "alias": "comedyclubs", "title": "Comedy-Clubs"}, {"category": [], "alias": "danceclubs", "title": "Diskotheken & Clubs"}, {"category": [], "alias": "adultentertainment", "title": "Erotik"}, {"category": [], "alias": "jazzandblues", "title": "Jazz & Blues"}, {"category": [], "alias": "karaoke", "title": "Karaoke"}, {"category": [], "alias": "musicvenues", "title": "Veranstaltungsorte"}], "alias": "nightlife", "title": "Nightlife"}, {"category": [{"category": [], "alias": "tours", "title": "Ausfl\u00fcge & Touren"}, {"category": [], "alias": "carrental", "title": "Autovermietung"}, {"category": [], "alias": "trainstations", "title": "Bahnh\u00f6fe"}, {"category": [], "alias": "bedbreakfast", "title": "Bed & Breakfast"}, {"category": [], "alias": "campgrounds", "title": "Campingpl\u00e4tze"}, {"category": [], "alias": "vacationrentalagents", "title": "Ferienhausvermietung"}, {"category": [], "alias": "airports", "title": "Flugh\u00e4fen"}, {"category": [], "alias": "guesthouses", "title": "G\u00e4steh\u00e4user"}, {"category": [], "alias": "hotels", "title": "Hotels"}, {"category": [], "alias": "hostels", "title": "Jugendherbergen"}, {"category": [], "alias": "travelservices", "title": "Reiseb\u00fcros"}, {"category": [], "alias": "skiresorts", "title": "Skigebiete"}, {"category": [{"category": [], "alias": "airlines", "title": "Fluggesellschaften"}, {"category": [], "alias": "airport_shuttles", "title": "Flughafen-Shuttle"}, {"category": [], "alias": "limos", "title": "Limousinen"}, {"category": [], "alias": "taxis", "title": "Taxis"}, {"category": [], "alias": "publictransport", "title": "\u00d6ffentliche Verkehrsmittel"}], "alias": "transport", "title": "Transport & Bef\u00f6rderung"}, {"category": [], "alias": "rvrental", "title": "Wohnmobilvermietung"}], "alias": "hotelstravel", "title": "Reisen & Tourismus"}, {"category": [{"category": [], "alias": "buddhist_temples", "title": "Buddhistische Tempel"}, {"category": [], "alias": "hindu_temples", "title": "Hinduistische Tempel"}, {"category": [], "alias": "churches", "title": "Kirchen"}, {"category": [], "alias": "mosques", "title": "Moscheen"}, {"category": [], "alias": "synagogues", "title": "Synagogen"}], "alias": "religiousorgs", "title": "Religi\u00f6se Einrichtungen"}, {"category": [{"category": [], "alias": "afghani", "title": "Afghanisch"}, {"category": [], "alias": "african", "title": "Afrikanisch"}, {"category": [], "alias": "diners", "title": "American Diner"}, {"category": [], "alias": "tradamerican", "title": "Amerikanisch"}, {"category": [], "alias": "arabian", "title": "Arabisch"}, {"category": [], "alias": "argentine", "title": "Argentinisch"}, {"category": [], "alias": "asianfusion", "title": "Asiatisch"}, {"category": [], "alias": "australian", "title": "Australisch"}, {"category": [], "alias": "bbq", "title": "Barbecue"}, {"category": [], "alias": "basque", "title": "Baskisch"}, {"category": [], "alias": "bavarian", "title": "Bayrisch"}, {"category": [], "alias": "belgian", "title": "Belgisch"}, {"category": [], "alias": "beergarden", "title": "Bierg\u00e4rten"}, {"category": [], "alias": "beerhall", "title": "Bierhalle"}, {"category": [], "alias": "bistros", "title": "Bistros"}, {"category": [], "alias": "brazilian", "title": "Brasilianisch"}, {"category": [], "alias": "brasseries", "title": "Brasserien"}, {"category": [], "alias": "british", "title": "Britisch"}, {"category": [], "alias": "buffets", "title": "Buffets"}, {"category": [], "alias": "bulgarian", "title": "Bulgarisch"}, {"category": [], "alias": "burgers", "title": "Burger"}, {"category": [], "alias": "burmese", "title": "Burmesisch"}, {"category": [], "alias": "cafes", "title": "Caf\u00e9s"}, {"category": [{"category": [], "alias": "dimsum", "title": "Dim Sum"}], "alias": "chinese", "title": "Chinesisch"}, {"category": [], "alias": "creperies", "title": "Cr\u00eapes"}, {"category": [], "alias": "currysausage", "title": "Currywurst"}, {"category": [], "alias": "german", "title": "Deutsch"}, {"category": [], "alias": "kebab", "title": "D\u00f6ner"}, {"category": [], "alias": "eltern_cafes", "title": "Elterncaf\u00e9"}, {"category": [], "alias": "hotdogs", "title": "Fastfood & Take Away"}, {"category": [], "alias": "seafood", "title": "Fisch & Meeresfr\u00fcchte"}, {"category": [], "alias": "fishnchips", "title": "Fish & Chips"}, {"category": [], "alias": "fondue", "title": "Fondue"}, {"category": [], "alias": "french", "title": "Franz\u00f6sisch"}, {"category": [], "alias": "breakfast_brunch", "title": "Fr\u00fchst\u00fcck & Brunch"}, {"category": [], "alias": "gluten_free", "title": "Glutenfrei"}, {"category": [], "alias": "greek", "title": "Griechisch"}, {"category": [], "alias": "halal", "title": "Halal"}, {"category": [], "alias": "hawaiian", "title": "Hawaiisch"}, {"category": [], "alias": "hotdog", "title": "Hotdogs"}, {"category": [], "alias": "foodstands", "title": "Imbissbuden"}, {"category": [], "alias": "indpak", "title": "Indisch"}, {"category": [], "alias": "indonesian", "title": "Indonesisch"}, {"category": [], "alias": "international", "title": "International"}, {"category": [], "alias": "irish", "title": "Irisch"}, {"category": [], "alias": "israeli", "title": "Israelisch"}, {"category": [], "alias": "italian", "title": "Italienisch"}, {"category": [], "alias": "japanese", "title": "Japanisch"}, {"category": [], "alias": "cambodian", "title": "Kambodschanisch"}, {"category": [], "alias": "caribbean", "title": "Karibisch"}, {"category": [], "alias": "tapas", "title": "Kleine Gerichte"}, {"category": [], "alias": "korean", "title": "Koreanisch"}, {"category": [], "alias": "kosher", "title": "Kosher"}, {"category": [], "alias": "cajun", "title": "Kreolisch & Cajun"}, {"category": [], "alias": "cuban", "title": "Kubanisch"}, {"category": [], "alias": "latin", "title": "Lateinamerikanisch"}, {"category": [], "alias": "lebanese", "title": "Libanesisch"}, {"category": [], "alias": "malaysian", "title": "Malaysisch"}, {"category": [], "alias": "moroccan", "title": "Marokkanisch"}, {"category": [], "alias": "mediterranean", "title": "Mediterran"}, {"category": [], "alias": "canteen", "title": "Mensa / Kantine"}, {"category": [], "alias": "mexican", "title": "Mexikanisch"}, {"category": [], "alias": "modern_european", "title": "Modern-Europ\u00e4isch"}, {"category": [], "alias": "mongolian", "title": "Mongolisch"}, {"category": [], "alias": "mideastern", "title": "Naher Osten"}, {"category": [], "alias": "himalayan", "title": "Nepalesisch"}, {"category": [], "alias": "oriental", "title": "Orientalisch"}, {"category": [], "alias": "pakistani", "title": "Pakistanisch"}, {"category": [], "alias": "persian", "title": "Persisch/Iranisch"}, {"category": [], "alias": "peruvian", "title": "Peruanisch"}, {"category": [], "alias": "filipino", "title": "Philippinisch"}, {"category": [], "alias": "pizza", "title": "Pizza"}, {"category": [], "alias": "polish", "title": "Polnisch"}, {"category": [], "alias": "portuguese", "title": "Portugiesisch"}, {"category": [], "alias": "raw_food", "title": "Rohkost"}, {"category": [], "alias": "rumanian", "title": "Rum\u00e4nisch"}, {"category": [], "alias": "russian", "title": "Russisch"}, {"category": [], "alias": "salad", "title": "Salat"}, {"category": [], "alias": "sandwiches", "title": "Sandwiches"}, {"category": [], "alias": "scottish", "title": "Schottisch"}, {"category": [], "alias": "swissfood", "title": "Schweizer K\u00fcche "}, {"category": [], "alias": "swabian", "title": "Schw\u00e4bisch"}, {"category": [], "alias": "serbocroatian", "title": "Serbo-Kroatisch"}, {"category": [], "alias": "singaporean", "title": "Singapurisch"}, {"category": [], "alias": "scandinavian", "title": "Skandinavisch"}, {"category": [], "alias": "spanish", "title": "Spanisch"}, {"category": [], "alias": "steak", "title": "Steakh\u00e4user"}, {"category": [], "alias": "soup", "title": "Suppen & Eint\u00f6pfe"}, {"category": [], "alias": "sushi", "title": "Sushi-Bars"}, {"category": [], "alias": "taiwanese", "title": "Taiwanesisch"}, {"category": [], "alias": "tapasmallplates", "title": "Tapas/kleine Gerichte"}, {"category": [], "alias": "tex-mex", "title": "Tex-Mex"}, {"category": [], "alias": "thai", "title": "Thail\u00e4ndisch"}, {"category": [], "alias": "turkish", "title": "T\u00fcrkisch"}, {"category": [], "alias": "ukrainian", "title": "Ukrainisch"}, {"category": [], "alias": "hungarian", "title": "Ungarisch"}, {"category": [], "alias": "vegan", "title": "Vegan"}, {"category": [], "alias": "vegetarian", "title": "Vegetarisch"}, {"category": [], "alias": "vietnamese", "title": "Vietnamesisch"}, {"category": [], "alias": "gastropubs", "title": "Wirtschaften"}, {"category": [], "alias": "cypriot", "title": "Zypriotisch"}, {"category": [], "alias": "ethiopian", "title": "\u00c4thiopisch"}, {"category": [], "alias": "austrian", "title": "\u00d6sterreichisch"}], "alias": "restaurants", "title": "Restaurants"}, {"category": [{"category": [], "alias": "usedbooks", "title": "Antiquariat"}, {"category": [], "alias": "antiques", "title": "Antiquit\u00e4ten"}, {"category": [], "alias": "baby_gear", "title": "Babyausstattungen"}, {"category": [{"category": [], "alias": "florists", "title": "Floristen & Blumenl\u00e4den"}, {"category": [], "alias": "stationery", "title": "Papeterie"}], "alias": "flowers", "title": "Blumen & Geschenke"}, {"category": [], "alias": "bridal", "title": "Brautmoden"}, {"category": [], "alias": "opticians", "title": "Brillen & Optiker"}, {"category": [], "alias": "thrift_stores", "title": "Brocki"}, {"category": [{"category": [], "alias": "bookstores", "title": "Buchhandlungen"}, {"category": [], "alias": "comicbooks", "title": "Comics"}, {"category": [], "alias": "musicvideo", "title": "Musik & DVDs'"}, {"category": [], "alias": "vinyl_records", "title": "Schallplatten"}, {"category": [], "alias": "videoandgames", "title": "Videotheken"}, {"category": [], "alias": "mags", "title": "Zeitungen & Zeitschriften"}], "alias": "media", "title": "B\u00fccher, Magazine, Musik & Video"}, {"category": [], "alias": "officeequipment", "title": "B\u00fcroausstattung"}, {"category": [], "alias": "computers", "title": "Computer"}, {"category": [], "alias": "discountstore", "title": "Discounter"}, {"category": [], "alias": "drugstores", "title": "Drogerien"}, {"category": [], "alias": "shoppingcenters", "title": "Einkaufszentren"}, {"category": [], "alias": "electronics", "title": "Elektronik"}, {"category": [], "alias": "wholesale_stores", "title": "En gros"}, {"category": [], "alias": "fleamarkets", "title": "Flohm\u00e4rkte"}, {"category": [], "alias": "photographystores", "title": "Fotol\u00e4den"}, {"category": [], "alias": "knittingsupplies", "title": "Handarbeitsl\u00e4den"}, {"category": [], "alias": "mobilephones", "title": "Handys"}, {"category": [{"category": [], "alias": "hardware", "title": "Computerzubeh\u00f6r"}, {"category": [], "alias": "gardening", "title": "G\u00e4rtnereien & Baumschulen"}, {"category": [], "alias": "appliances", "title": "Haushaltsger\u00e4te"}, {"category": [], "alias": "homedecor", "title": "Inneneinrichtungen"}, {"category": [], "alias": "kitchenandbath", "title": "K\u00fcche & Bad"}, {"category": [], "alias": "mattresses", "title": "Matratzen"}, {"category": [], "alias": "furniture", "title": "M\u00f6belgesch\u00e4fte & Einrichtungsh\u00e4user"}, {"category": [], "alias": "hottubandpool", "title": "Whirlpools & Swimmingpools"}], "alias": "homeandgarden", "title": "Haus & Garten"}, {"category": [], "alias": "hobbyshops", "title": "Hobbybedarf"}, {"category": [], "alias": "kiosk", "title": "Kiosk"}, {"category": [], "alias": "cosmetics", "title": "Kosmetik- und Sch\u00f6nheitsartikel"}, {"category": [], "alias": "galleries", "title": "Kunstgalerien"}, {"category": [{"category": [], "alias": "framing", "title": "Einrahmungen"}, {"category": [], "alias": "costumes", "title": "Kost\u00fcme & Verkleidungen"}, {"category": [], "alias": "artsupplies", "title": "K\u00fcnstlerbedarf"}, {"category": [], "alias": "stationery", "title": "Papeterie"}, {"category": [], "alias": "fabricstores", "title": "Textilien & Stoffe"}], "alias": "artsandcrafts", "title": "Kunsthandwerk"}, {"category": [{"category": [], "alias": "accessories", "title": "Accessoires"}, {"category": [], "alias": "swimwear", "title": "Badebekleidung"}, {"category": [], "alias": "womenscloth", "title": "Damenbekleidung"}, {"category": [], "alias": "lingerie", "title": "Dessous"}, {"category": [], "alias": "menscloth", "title": "Herrenbekleidung"}, {"category": [], "alias": "childcloth", "title": "Kinderbekleidung"}, {"category": [], "alias": "leather", "title": "Lederwaren"}, {"category": [], "alias": "shoes", "title": "Schuhl\u00e4den"}, {"category": [], "alias": "vintage", "title": "Secondhand-L\u00e4den"}, {"category": [], "alias": "sportswear", "title": "Sportbekleidung"}, {"category": [], "alias": "maternity", "title": "Umstandsmode"}, {"category": [], "alias": "deptstores", "title": "Warenh\u00e4user"}], "alias": "fashion", "title": "Mode"}, {"category": [], "alias": "musicalinstrumentsandteachers", "title": "Musikl\u00e4den & Musiklehrer"}, {"category": [], "alias": "outlet_stores", "title": "Outlets"}, {"category": [], "alias": "perfume", "title": "Parf\u00fcmerien"}, {"category": [], "alias": "personal_shopping", "title": "Personal Shopping"}, {"category": [], "alias": "pawn", "title": "Pfandleiher"}, {"category": [], "alias": "jewelry", "title": "Schmuck & Accessoires"}, {"category": [], "alias": "adult", "title": "Sexshops und Erotik"}, {"category": [], "alias": "souvenirs", "title": "Souvenirs & Kitsch"}, {"category": [], "alias": "toys", "title": "Spielwarenl\u00e4den"}, {"category": [{"category": [], "alias": "outdoorgear", "title": "Outdoor"}, {"category": [], "alias": "sportswear", "title": "Sportbekleidung"}, {"category": [], "alias": "bikes", "title": "Velohandler & Velomech"}], "alias": "sportgoods", "title": "Sportausr\u00fcstung"}, {"category": [], "alias": "tobaccoshops", "title": "Tabakl\u00e4den"}, {"category": [], "alias": "luggage", "title": "Taschen & Koffer"}, {"category": [], "alias": "tickets", "title": "Tickets"}, {"category": [], "alias": "watches", "title": "Uhren"}, {"category": [], "alias": "deptstores", "title": "Warenh\u00e4user"}], "alias": "shopping", "title": "Shopping"}, {"category": [{"category": [], "alias": "registry_office", "title": "Bezirksgericht"}, {"category": [], "alias": "libraries", "title": "Bibliotheken"}, {"category": [], "alias": "embassy", "title": "Konsulate & Botschaften"}, {"category": [], "alias": "policedepartments", "title": "Polizei"}, {"category": [], "alias": "postoffices", "title": "Post\u00e4mter"}, {"category": [], "alias": "landmarks", "title": "Sehensw\u00fcrdigkeiten"}, {"category": [], "alias": "departmentsofmotorvehicles", "title": "Strassenverkehrsamt"}], "alias": "publicservicesgovt", "title": "Sightseeing & Beh\u00f6rden"}, {"category": [{"category": [], "alias": "bagels", "title": "Bagels"}, {"category": [], "alias": "beer_and_wine", "title": "Bier, Wein & Schnaps"}, {"category": [], "alias": "organic_stores", "title": "Bio- & Naturkostl\u00e4den"}, {"category": [], "alias": "breweries", "title": "Brauereien"}, {"category": [], "alias": "bakeries", "title": "B\u00e4ckereien"}, {"category": [], "alias": "desserts", "title": "Desserts & S\u00fcsspeisen"}, {"category": [], "alias": "donuts", "title": "Donuts"}, {"category": [], "alias": "eltern_cafes", "title": "Elterncaf\u00e9"}, {"category": [], "alias": "fooddeliveryservices", "title": "Essenlieferservice"}, {"category": [], "alias": "delicatessen", "title": "Feinkost & Delikatessen"}, {"category": [], "alias": "beverage_stores", "title": "Getr\u00e4nkehandel"}, {"category": [], "alias": "icecream", "title": "Glac\u00e9 & Sorbet"}, {"category": [], "alias": "internetcafe", "title": "Internet Caf\u00e9s"}, {"category": [], "alias": "coffee", "title": "Kaffee & Teel\u00e4den"}, {"category": [], "alias": "kiosk", "title": "Kiosk"}, {"category": [{"category": [], "alias": "healthmarkets", "title": "Biol\u00e4den & Reformh\u00e4user"}, {"category": [], "alias": "seafoodmarkets", "title": "Fisch & Meeresfr\u00fcchte"}, {"category": [], "alias": "chocolate", "title": "Konfiserien"}, {"category": [], "alias": "herbsandspices", "title": "Kr\u00e4uter und Gew\u00fcrze"}, {"category": [], "alias": "cheese", "title": "K\u00e4sefachgesch\u00e4fte"}, {"category": [], "alias": "meats", "title": "Metzgereien & Fleischereien"}], "alias": "gourmet", "title": "Kulinarische Spezialit\u00e4ten"}, {"category": [], "alias": "butcher", "title": "Metzger"}, {"category": [], "alias": "farmersmarket", "title": "M\u00e4rkte"}, {"category": [], "alias": "convenience", "title": "Quartierladen"}, {"category": [], "alias": "juicebars", "title": "Saftbars & Smoothies"}, {"category": [], "alias": "streetvendors", "title": "Strassenh\u00e4ndler"}, {"category": [], "alias": "grocery", "title": "Superm\u00e4rkte"}, {"category": [], "alias": "tea", "title": "Teestuben"}, {"category": [], "alias": "wineries", "title": "Weinhandlungen & Winzer"}], "alias": "food", "title": "Speis'  & Trank"}, {"category": [{"category": [], "alias": "amateursportsteams", "title": "Amateur-Vereine"}, {"category": [], "alias": "fishing", "title": "Angeln"}, {"category": [], "alias": "aquariums", "title": "Aquarien"}, {"category": [], "alias": "hot_air_balloons", "title": "Ballonfahren"}, {"category": [], "alias": "archery", "title": "Bogenschiessen"}, {"category": [], "alias": "boating", "title": "Bootfahren"}, {"category": [], "alias": "bowling", "title": "Bowling & Kegeln"}, {"category": [], "alias": "skatingrinks", "title": "Eisbahnen"}, {"category": [], "alias": "skydiving", "title": "Fallschirmspringen"}, {"category": [], "alias": "summer_camps", "title": "Ferienlager"}, {"category": [{"category": [], "alias": "gyms", "title": "Fitnessstudios"}, {"category": [], "alias": "martialarts", "title": "Kampfsportarten"}, {"category": [], "alias": "healthtrainers", "title": "Personal Trainer"}, {"category": [], "alias": "pilates", "title": "Pilates"}, {"category": [], "alias": "swimminglessons", "title": "Schwimmunterricht"}, {"category": [], "alias": "taichi", "title": "Tai Chi"}, {"category": [], "alias": "dancestudio", "title": "Tanzstudios"}, {"category": [], "alias": "yoga", "title": "Yoga"}], "alias": "fitness", "title": "Fitness"}, {"category": [], "alias": "recreation", "title": "Freizeitzentren"}, {"category": [], "alias": "discgolf", "title": "Frisbee & Discgolf"}, {"category": [], "alias": "football", "title": "Fussball"}, {"category": [], "alias": "gokarts", "title": "Gokartbahnen"}, {"category": [], "alias": "golf", "title": "Golfpl\u00e4tze"}, {"category": [], "alias": "kids_activities", "title": "Kinderaktivit\u00e4ten"}, {"category": [], "alias": "climbing", "title": "Klettern"}, {"category": [], "alias": "mini_golf", "title": "Minigolf"}, {"category": [], "alias": "mountainbiking", "title": "Mountain Biking"}, {"category": [{"category": [], "alias": "dog_parks", "title": "Hundeparks"}, {"category": [], "alias": "skate_parks", "title": "Skateparks"}], "alias": "parks", "title": "Parks & Gr\u00fcnanlagen"}, {"category": [], "alias": "horseracing", "title": "Pferderennen"}, {"category": [], "alias": "rafting", "title": "Rafting / Kajakfahren"}, {"category": [], "alias": "horsebackriding", "title": "Reiten & Reithallen"}, {"category": [], "alias": "swimmingpools", "title": "Schwimmb\u00e4der & Badis"}, {"category": [], "alias": "lakes", "title": "Seen"}, {"category": [], "alias": "gliding", "title": "Segelfliegen"}, {"category": [], "alias": "sailing", "title": "Segeln"}, {"category": [], "alias": "skiing", "title": "Skifahren & Schlitteln"}, {"category": [], "alias": "playgrounds", "title": "Spielpl\u00e4tze"}, {"category": [], "alias": "leisure_centers", "title": "Sporthallen & -pl\u00e4tze"}, {"category": [], "alias": "sports_clubs", "title": "Sportvereine"}, {"category": [], "alias": "beaches", "title": "Str\u00e4nde"}, {"category": [{"category": [], "alias": "freediving", "title": "Freitauchen"}, {"category": [], "alias": "scuba", "title": "Tauchen"}], "alias": "diving", "title": "Tauchen"}, {"category": [], "alias": "tennis", "title": "Tennis"}, {"category": [], "alias": "bikerentals", "title": "Velos & Veloverleih"}, {"category": [], "alias": "amusementparks", "title": "Vergn\u00fcgungsparks"}, {"category": [], "alias": "hiking", "title": "Wandern"}, {"category": [], "alias": "zoos", "title": "Zoos & Freigehege"}], "alias": "active", "title": "Sport & Freizeit"}]