[{"category": [{"category": [], "alias": "petstore", "title": "Magasins d\u2019animaux de compagnie"}, {"category": [], "alias": "animalshelters", "title": "Refuges pour animaux "}, {"category": [{"category": [], "alias": "pet_training", "title": "Dressage d\u2019animaux"}, {"category": [], "alias": "pet_sitting", "title": "Garde d\u2019animaux"}, {"category": [], "alias": "dogwalkers", "title": "Promeneurs pour chiens"}, {"category": [], "alias": "groomer", "title": "Toiletteur pour animaux de compagnie"}], "alias": "petservices", "title": "Services pour animaux de compagnie"}, {"category": [], "alias": "vet", "title": "V\u00e9t\u00e9rinaires"}], "alias": "pets", "title": "Animaux de compagnie"}, {"category": [{"category": [], "alias": "casinos", "title": "Casinos"}, {"category": [], "alias": "wineries", "title": "Caves \u00e0 vins"}, {"category": [], "alias": "castles", "title": "Ch\u00e2teaux"}, {"category": [], "alias": "movietheaters", "title": "Cin\u00e9ma"}, {"category": [], "alias": "social_clubs", "title": "Clubs sociaux"}, {"category": [], "alias": "festivals", "title": "Festivals"}, {"category": [], "alias": "galleries", "title": "Galeries d\u2019art"}, {"category": [], "alias": "gardens", "title": "Jardins botaniques"}, {"category": [], "alias": "jazzandblues", "title": "Jazz et blues"}, {"category": [], "alias": "museums", "title": "Mus\u00e9es"}, {"category": [], "alias": "opera", "title": "Op\u00e9ra et Ballet"}, {"category": [], "alias": "musicvenues", "title": "Salles de concert"}, {"category": [], "alias": "arcades", "title": "Salles de jeux d'arcade"}, {"category": [], "alias": "theater", "title": "Spectacles"}, {"category": [], "alias": "stadiumsarenas", "title": "Stades et terrains de sport"}, {"category": [], "alias": "psychic_astrology", "title": "Voyants et astrologues"}, {"category": [], "alias": "sportsteams", "title": "\u00c9quipes de sport professionnelles"}], "alias": "arts", "title": "Arts et loisirs"}, {"category": [{"category": [], "alias": "bodyshops", "title": "Atelier de carrosserie"}, {"category": [], "alias": "car_dealers", "title": "Concessionnaires automobiles"}, {"category": [], "alias": "motorcycledealers", "title": "Concessionnaires moto"}, {"category": [], "alias": "servicestations", "title": "Essence & Station services"}, {"category": [], "alias": "windshieldinstallrepair", "title": "Installation et r\u00e9paration de pare-brises"}, {"category": [], "alias": "stereo_installation", "title": "Installation st\u00e9r\u00e9o voiture"}, {"category": [], "alias": "carwash", "title": "Nettoyage de voiture"}, {"category": [], "alias": "parking", "title": "Parking"}, {"category": [], "alias": "auto_detailing", "title": "Pi\u00e8ces auto"}, {"category": [], "alias": "autopartssupplies", "title": "Pi\u00e8ces auto"}, {"category": [], "alias": "tires", "title": "Pneumatiques"}, {"category": [], "alias": "towing", "title": "Remorquage"}, {"category": [], "alias": "autorepair", "title": "R\u00e9paration automobile"}, {"category": [], "alias": "motorcyclerepair", "title": "R\u00e9paration moto"}, {"category": [], "alias": "autoglass", "title": "Services verrerie automobile"}, {"category": [], "alias": "smog_check_stations", "title": "Stations de mesure de la pollution"}, {"category": [], "alias": "oilchange", "title": "Vidange huile moteur"}], "alias": "auto", "title": "Automobile"}, {"category": [{"category": [], "alias": "vacationrentalagents", "title": "Agents de location de vacances"}, {"category": [], "alias": "hostels", "title": "Auberges de jeunesse"}, {"category": [], "alias": "airports", "title": "A\u00e9roports"}, {"category": [], "alias": "bedbreakfast", "title": "Bed & Breakfast"}, {"category": [], "alias": "campgrounds", "title": "Campings"}, {"category": [], "alias": "guesthouses", "title": "Chambres et Maisons d'H\u00f4tes"}, {"category": [], "alias": "tours", "title": "Excursions"}, {"category": [], "alias": "hotels", "title": "H\u00f4tels"}, {"category": [], "alias": "rvrental", "title": "Location de camping-cars"}, {"category": [], "alias": "carrental", "title": "Location de voiture"}, {"category": [], "alias": "travelservices", "title": "Services touristiques"}, {"category": [], "alias": "skiresorts", "title": "Stations de ski"}, {"category": [{"category": [], "alias": "airlines", "title": "Compagnies a\u00e9riennes"}, {"category": [], "alias": "limos", "title": "Limousines"}, {"category": [], "alias": "airport_shuttles", "title": "Navettes a\u00e9roport"}, {"category": [], "alias": "taxis", "title": "Taxis"}, {"category": [], "alias": "publictransport", "title": "Transports en commun"}], "alias": "transport", "title": "Transports"}], "alias": "hotelstravel", "title": "H\u00f4tels et s\u00e9jours"}, {"category": [{"category": [], "alias": "realestateagents", "title": "Agents immobiliers"}, {"category": [], "alias": "apartments", "title": "Appartements meubl\u00e9s "}, {"category": [], "alias": "mortgagebrokers", "title": "Courtiers en pr\u00eats hypoth\u00e9caires"}, {"category": [], "alias": "homestaging", "title": "D\u00e9coration d'Int\u00e9rieur"}, {"category": [], "alias": "propertymgmt", "title": "Gestion de patrimoine"}, {"category": [], "alias": "university_housing", "title": "Logements universitaires"}, {"category": [], "alias": "realestatesvcs", "title": "Services immobiliers"}], "alias": "realestate", "title": "Immobilier"}, {"category": [{"category": [], "alias": "televisionstations", "title": "Cha\u00eenes de t\u00e9l\u00e9vision"}, {"category": [], "alias": "printmedia", "title": "Journaux"}, {"category": [], "alias": "radiostations", "title": "Stations de radio"}], "alias": "massmedia", "title": "M\u00e9dias de masse"}, {"category": [{"category": [], "alias": "bagels", "title": "Bagels"}, {"category": [], "alias": "juicebars", "title": "Bar \u00e0 jus de fruits et smoothies"}, {"category": [], "alias": "donuts", "title": "Beignets & Donuts"}, {"category": [], "alias": "beer_and_wine", "title": "Bi\u00e8re, vins et liqueurs"}, {"category": [], "alias": "butcher", "title": "Bouchers"}, {"category": [], "alias": "bakeries", "title": "Boulangeries et P\u00e2tisseries"}, {"category": [], "alias": "breweries", "title": "Brasseurs"}, {"category": [], "alias": "coffee", "title": "Caf\u00e9 et th\u00e9"}, {"category": [], "alias": "internetcafe", "title": "Caf\u00e9s internet"}, {"category": [], "alias": "wineries", "title": "Caves \u00e0 vins"}, {"category": [], "alias": "diyfood", "title": "Cuisine \u00e0 faire soi-m\u00eame"}, {"category": [], "alias": "desserts", "title": "Desserts"}, {"category": [], "alias": "icecream", "title": "Glaces et yaourt glac\u00e9s"}, {"category": [], "alias": "fooddeliveryservices", "title": "Livraison \u00e0 domicile"}, {"category": [], "alias": "farmersmarket", "title": "March\u00e9s"}, {"category": [], "alias": "tea", "title": "Salons de th\u00e9"}, {"category": [{"category": [], "alias": "meats", "title": "Boucheries charcuteries"}, {"category": [], "alias": "chocolate", "title": "Chocolateries"}, {"category": [], "alias": "candy", "title": "Confiseries"}, {"category": [], "alias": "cheese", "title": "Fromageries"}, {"category": [], "alias": "markets", "title": "Fruits et l\u00e9gumes"}, {"category": [], "alias": "herbsandspices", "title": "Herbes et \u00e9pices"}, {"category": [], "alias": "ethnicmarkets", "title": "March\u00e9 de produits du monde"}, {"category": [], "alias": "seafoodmarkets", "title": "March\u00e9s de fruits de mer"}, {"category": [], "alias": "healthmarkets", "title": "Produits bio et naturels"}], "alias": "gourmet", "title": "Sp\u00e9cialit\u00e9s culinaires"}, {"category": [], "alias": "grocery", "title": "Supermarch\u00e9s"}, {"category": [], "alias": "streetvendors", "title": "Vendeurs de rue"}, {"category": [], "alias": "convenience", "title": "\u00c9piceries"}], "alias": "food", "title": "Nourriture"}, {"category": [{"category": [], "alias": "mosques", "title": "Mosqu\u00e9es"}, {"category": [], "alias": "synagogues", "title": "Synagogues"}, {"category": [], "alias": "hindu_temples", "title": "Temples Hindous"}, {"category": [], "alias": "buddhist_temples", "title": "Temples bouddhistes"}, {"category": [], "alias": "churches", "title": "\u00c9glises"}], "alias": "religiousorgs", "title": "Organisations religieuses"}, {"category": [{"category": [], "alias": "tutoring", "title": "Centres de formation"}, {"category": [], "alias": "highschools", "title": "Coll\u00e8ges et Lyc\u00e9es"}, {"category": [], "alias": "adultedu", "title": "Cours pour adulte"}, {"category": [], "alias": "specialed", "title": "Education sp\u00e9cialis\u00e9e"}, {"category": [], "alias": "collegeuniv", "title": "Grandes \u00e9coles et universit\u00e9s"}, {"category": [], "alias": "testprep", "title": "Pr\u00e9paration aux examens"}, {"category": [], "alias": "educationservices", "title": "Services \u00e9ducatifs"}, {"category": [], "alias": "privatetutors", "title": "Tuteurs priv\u00e9s"}, {"category": [{"category": [], "alias": "driving_schools", "title": "Auto-\u00e9coles"}, {"category": [], "alias": "flightinstruction", "title": "A\u00e9roclubs et cours de pilotage"}, {"category": [], "alias": "vocation", "title": "\u00c9cole de formation professionnelle et technique"}, {"category": [], "alias": "cosmetology_schools", "title": "\u00c9coles d'esth\u00e9ticienne"}, {"category": [], "alias": "cookingschools", "title": "\u00c9coles de cuisine"}, {"category": [], "alias": "dance_schools", "title": "\u00c9coles de danse"}, {"category": [], "alias": "language_schools", "title": "\u00c9coles de langues"}, {"category": [], "alias": "massage_schools", "title": "\u00c9coles de massage"}, {"category": [], "alias": "artschools", "title": "\u00c9coles d\u2019art"}, {"category": [], "alias": "swimminglessons", "title": "\u00c9coles/Cours de natation"}], "alias": "specialtyschools", "title": "\u00c9coles de sp\u00e9cialit\u00e9s"}, {"category": [], "alias": "preschools", "title": "\u00c9coles maternelles"}, {"category": [], "alias": "elementaryschools", "title": "\u00c9coles primaires"}], "alias": "education", "title": "Parcours universitaire"}, {"category": [{"category": [], "alias": "afghani", "title": "Afghan"}, {"category": [], "alias": "african", "title": "Africain"}, {"category": [], "alias": "raw_food", "title": "Aliments crus/vivants"}, {"category": [], "alias": "german", "title": "Allemand"}, {"category": [], "alias": "tradamerican", "title": "Am\u00e9ricain"}, {"category": [], "alias": "latin", "title": "Am\u00e9rique latine"}, {"category": [], "alias": "argentine", "title": "Argentin"}, {"category": [], "alias": "asianfusion", "title": "Asiatique"}, {"category": [], "alias": "tapas", "title": "Bars \u00e0 tapas"}, {"category": [], "alias": "basque", "title": "Basque"}, {"category": [], "alias": "belgian", "title": "Belge"}, {"category": [], "alias": "burmese", "title": "Birman"}, {"category": [], "alias": "bistros", "title": "Bistrots"}, {"category": [], "alias": "brasseries", "title": "Brasseries"}, {"category": [], "alias": "british", "title": "Britannique"}, {"category": [], "alias": "brazilian", "title": "Br\u00e9silien"}, {"category": [], "alias": "buffets", "title": "Buffets"}, {"category": [], "alias": "cafes", "title": "Caf\u00e9s"}, {"category": [], "alias": "cambodian", "title": "Cambodgien"}, {"category": [], "alias": "caribbean", "title": "Carib\u00e9en"}, {"category": [{"category": [], "alias": "dimsum", "title": "Dimsum"}], "alias": "chinese", "title": "Chinois"}, {"category": [], "alias": "corsican", "title": "Corse"}, {"category": [], "alias": "korean", "title": "Cor\u00e9en"}, {"category": [], "alias": "cajun", "title": "Cr\u00e9ole"}, {"category": [], "alias": "creperies", "title": "Cr\u00eaperies"}, {"category": [], "alias": "cuban", "title": "Cubain"}, {"category": [], "alias": "soulfood", "title": "Cuisine afro-am\u00e9ricaine"}, {"category": [], "alias": "diners", "title": "Diners Am\u00e9ricains"}, {"category": [], "alias": "delis", "title": "D\u00e9lis & Snacks"}, {"category": [], "alias": "spanish", "title": "Espagnol"}, {"category": [], "alias": "modern_european", "title": "Europ\u00e9en moderne"}, {"category": [], "alias": "hotdogs", "title": "Fast Food"}, {"category": [], "alias": "fishnchips", "title": "Fish & Chips"}, {"category": [], "alias": "fondue", "title": "Fondue"}, {"category": [], "alias": "french", "title": "Fran\u00e7ais"}, {"category": [], "alias": "seafood", "title": "Fruits de mer"}, {"category": [], "alias": "greek", "title": "Grec"}, {"category": [], "alias": "halal", "title": "Halal"}, {"category": [], "alias": "burgers", "title": "Hamburgers"}, {"category": [], "alias": "hawaiian", "title": "Hawa\u00efen"}, {"category": [], "alias": "himalayan", "title": "Himalayen/N\u00e9palais"}, {"category": [], "alias": "hungarian", "title": "Hongrois"}, {"category": [], "alias": "hotdog", "title": "Hot Dogs"}, {"category": [], "alias": "indpak", "title": "Indien"}, {"category": [], "alias": "indonesian", "title": "Indon\u00e9sien"}, {"category": [], "alias": "irish", "title": "Irlandais"}, {"category": [], "alias": "italian", "title": "Italien"}, {"category": [], "alias": "japanese", "title": "Japonais"}, {"category": [], "alias": "kosher", "title": "Kascher"}, {"category": [], "alias": "kebab", "title": "Kebab"}, {"category": [], "alias": "lebanese", "title": "Libanais"}, {"category": [], "alias": "lyonnais", "title": "Lyonnais"}, {"category": [], "alias": "malaysian", "title": "Malaysien"}, {"category": [], "alias": "moroccan", "title": "Marocain"}, {"category": [], "alias": "mexican", "title": "Mexicain"}, {"category": [], "alias": "mongolian", "title": "Mongole"}, {"category": [], "alias": "mideastern", "title": "Moyen-Orient"}, {"category": [], "alias": "mediterranean", "title": "M\u00e9diterran\u00e9en"}, {"category": [], "alias": "pakistani", "title": "Pakistanais"}, {"category": [], "alias": "persian", "title": "Perse/Iranien"}, {"category": [], "alias": "breakfast_brunch", "title": "Petit d\u00e9jeuner et Brunch"}, {"category": [], "alias": "filipino", "title": "Philippin"}, {"category": [], "alias": "pizza", "title": "Pizza"}, {"category": [], "alias": "polish", "title": "Polonais"}, {"category": [], "alias": "portuguese", "title": "Portugais"}, {"category": [], "alias": "gastropubs", "title": "Pubs gastronomiques"}, {"category": [], "alias": "peruvian", "title": "P\u00e9ruvien"}, {"category": [], "alias": "steak", "title": "Restaurants Grill"}, {"category": [], "alias": "romanian", "title": "Romain"}, {"category": [], "alias": "russian", "title": "Russe"}, {"category": [], "alias": "salad", "title": "Salade"}, {"category": [], "alias": "sandwiches", "title": "Sandwich"}, {"category": [], "alias": "gluten_free", "title": "Sans gluten"}, {"category": [], "alias": "scandinavian", "title": "Scandinave"}, {"category": [], "alias": "serbocroatian", "title": "Serbian"}, {"category": [], "alias": "singaporean", "title": "Singapourien"}, {"category": [], "alias": "soup", "title": "Soupe"}, {"category": [], "alias": "foodstands", "title": "Stands de nourriture"}, {"category": [], "alias": "sud_ouest", "title": "Sud Ouest"}, {"category": [], "alias": "sushi", "title": "Sushi"}, {"category": [], "alias": "tapasmallplates", "title": "Tapas"}, {"category": [], "alias": "taiwanese", "title": "Ta\u00efwanais"}, {"category": [], "alias": "tex-mex", "title": "Tex-mex"}, {"category": [], "alias": "thai", "title": "Tha\u00ef"}, {"category": [], "alias": "turkish", "title": "Turc"}, {"category": [], "alias": "ukrainian", "title": "Ukrainien"}, {"category": [], "alias": "bbq", "title": "Viandes et Barbecue"}, {"category": [], "alias": "vietnamese", "title": "Vietnamien"}, {"category": [], "alias": "vegan", "title": "V\u00e9g\u00e9talien"}, {"category": [], "alias": "vegetarian", "title": "V\u00e9g\u00e9tarien"}, {"category": [], "alias": "ethiopian", "title": "\u00c9thiopien"}], "alias": "restaurants", "title": "Restaurants"}, {"category": [{"category": [], "alias": "barbers", "title": "Barbiers"}, {"category": [], "alias": "tanning", "title": "Centres de bronzage"}, {"category": [], "alias": "othersalons", "title": "Manucure et Pedicure"}, {"category": [], "alias": "makeupartists", "title": "Maquilleurs (euses)"}, {"category": [], "alias": "massage", "title": "Massage"}, {"category": [], "alias": "perfume", "title": "Parfumerie"}, {"category": [], "alias": "piercing", "title": "Piercing"}, {"category": [], "alias": "cosmetics", "title": "Produits de beaut\u00e9 et cosm\u00e9tiques"}, {"category": [], "alias": "hair", "title": "Salons de coiffure"}, {"category": [], "alias": "skincare", "title": "Soins dermatologiques"}, {"category": [], "alias": "eyelashservice", "title": "Soins des cils"}, {"category": [], "alias": "spas", "title": "Spas"}, {"category": [], "alias": "medicalspa", "title": "Spas m\u00e9dicaux"}, {"category": [], "alias": "tattoo", "title": "Tatouage"}, {"category": [{"category": [], "alias": "laser_hair_removal", "title": "\u00c9pilation au laser"}], "alias": "hairremoval", "title": "\u00c9pilation"}], "alias": "beautysvc", "title": "Salons de beaut\u00e9 et spas"}, {"category": [{"category": [], "alias": "acupuncture", "title": "Acupuncture"}, {"category": [], "alias": "weightlosscenters", "title": "Centre d' amincissement"}, {"category": [], "alias": "chiropractors", "title": "Chiropracteurs"}, {"category": [], "alias": "laserlasikeyes", "title": "Chirurgie laser des yeux/Lasik"}, {"category": [], "alias": "medcenters", "title": "Cliniques"}, {"category": [], "alias": "c_and_mh", "title": "Conseil et soutien psychologique"}, {"category": [{"category": [], "alias": "oralsurgeons", "title": "Chirurgie bucco-dentaire"}, {"category": [], "alias": "pediatric_dentists", "title": "Dentiste p\u00e9diatre"}, {"category": [], "alias": "generaldentistry", "title": "Dentisterie g\u00e9n\u00e9rale"}, {"category": [], "alias": "endodontists", "title": "Endodontistes"}, {"category": [], "alias": "cosmeticdentists", "title": "Esth\u00e9tique dentaire"}, {"category": [], "alias": "orthodontists", "title": "Orthodontistes"}, {"category": [], "alias": "periodontists", "title": "Parodontistes"}], "alias": "dentists", "title": "Dentistes"}, {"category": [], "alias": "saunas", "title": "Hammam et Sauna"}, {"category": [], "alias": "hospice", "title": "Hospice"}, {"category": [], "alias": "hospitals", "title": "H\u00f4pitaux"}, {"category": [], "alias": "physicaltherapy", "title": "Kin\u00e9sith\u00e9rapeute"}, {"category": [], "alias": "retirement_homes", "title": "Maisons de retraite"}, {"category": [], "alias": "tcm", "title": "Medicine Chinoise"}, {"category": [{"category": [], "alias": "allergist", "title": "Allergologues"}, {"category": [], "alias": "cardiology", "title": "Cardiologues"}, {"category": [], "alias": "cosmeticsurgeons", "title": "Chirurgiens esth\u00e9tiques"}, {"category": [], "alias": "dermatology", "title": "Dermatologues"}, {"category": [], "alias": "tattooremoval", "title": "D\u00e9tatouage"}, {"category": [], "alias": "fertility", "title": "Fertilit\u00e9"}, {"category": [], "alias": "gastroenterologist", "title": "Gastro-ent\u00e9rologue"}, {"category": [], "alias": "familydr", "title": "G\u00e9n\u00e9raliste"}, {"category": [], "alias": "gerontologist", "title": "G\u00e9rontologue"}, {"category": [], "alias": "sportsmed", "title": "M\u00e9decine du sport"}, {"category": [], "alias": "internalmed", "title": "M\u00e9decine interne"}, {"category": [], "alias": "naturopathic", "title": "Naturopathie/Holisme"}, {"category": [], "alias": "neurologist", "title": "Neurologue"}, {"category": [], "alias": "audiologist", "title": "ORL"}, {"category": [], "alias": "earnosethroat", "title": "ORL"}, {"category": [], "alias": "obgyn", "title": "Obst\u00e9triciens et gyn\u00e9cologues"}, {"category": [], "alias": "oncologist", "title": "Oncologue"}, {"category": [], "alias": "opthamalogists", "title": "Ophtalmologues"}, {"category": [], "alias": "orthopedists", "title": "Orthop\u00e9distes"}, {"category": [], "alias": "osteopathicphysicians", "title": "Ost\u00e9opathes"}, {"category": [], "alias": "pulmonologist", "title": "Pneumologue"}, {"category": [], "alias": "podiatrists", "title": "Podologue"}, {"category": [], "alias": "proctologist", "title": "Proctologues"}, {"category": [], "alias": "psychiatrists", "title": "Psychiatres"}, {"category": [], "alias": "pediatricians", "title": "P\u00e9diatres"}], "alias": "physicians", "title": "M\u00e9decins"}, {"category": [], "alias": "nutritionists", "title": "Nutritionnistes"}, {"category": [], "alias": "optometrists", "title": "Optom\u00e9trie"}, {"category": [], "alias": "speech_therapists", "title": "Orthophoniste"}, {"category": [], "alias": "urgent_care", "title": "Premiers soins"}, {"category": [], "alias": "hearing_aids", "title": "Proth\u00e8ses Auditives"}, {"category": [], "alias": "midwives", "title": "Sage-femmes"}, {"category": [], "alias": "homehealthcare", "title": "Soins sant\u00e9 \u00e0 domicile"}, {"category": [], "alias": "medicalspa", "title": "Spas m\u00e9dicaux"}], "alias": "health", "title": "Sant\u00e9 et param\u00e9dical"}, {"category": [{"category": [], "alias": "insurance", "title": "Assurance"}, {"category": [], "alias": "banks", "title": "Banques et organismes de cr\u00e9dit"}, {"category": [], "alias": "financialadvising", "title": "Conseils financiers"}, {"category": [], "alias": "paydayloans", "title": "Encaissement de ch\u00e8ques/Cr\u00e9dit personnel"}, {"category": [], "alias": "investing", "title": "Investissement"}, {"category": [], "alias": "taxservices", "title": "Services fiscaux"}], "alias": "financialservices", "title": "Services financiers"}, {"category": [{"category": [], "alias": "recyclingcenter", "title": "Centre de recyclage"}, {"category": [], "alias": "shoerepair", "title": "Cordonnier"}, {"category": [], "alias": "sewingalterations", "title": "Couture et retouches"}, {"category": [], "alias": "snowremoval", "title": "D\u00e9neigement"}, {"category": [], "alias": "shipping_centers", "title": "Envoi colis"}, {"category": [], "alias": "childcare", "title": "Garde d\u2019enfants et haltes-garderies"}, {"category": [], "alias": "copyshops", "title": "Graveurs et Imprimeries"}, {"category": [], "alias": "pest_control", "title": "Insecticide"}, {"category": [], "alias": "drycleaninglaundry", "title": "Laveries, Pressing et Nettoyage \u00e0 sec"}, {"category": [], "alias": "carpet_cleaning", "title": "Nettoyage de tapis"}, {"category": [], "alias": "notaries", "title": "Notaires"}, {"category": [], "alias": "funeralservices", "title": "Pompes fun\u00e8bres et cimeti\u00e8res"}, {"category": [], "alias": "reupholstery", "title": "Restauration de mobilier"}, {"category": [], "alias": "watch_repair", "title": "R\u00e9paration de montre"}, {"category": [], "alias": "electronicsrepair", "title": "R\u00e9paration mat\u00e9riel \u00e9lectronique"}, {"category": [], "alias": "selfstorage", "title": "Self stockage"}, {"category": [], "alias": "junkremovalandhauling", "title": "Service de d\u00e9barras et d\u00e9blaiements"}, {"category": [], "alias": "nonprofit", "title": "Service \u00e0 la communaut\u00e9 / \u00e0 but non lucratif"}, {"category": [], "alias": "itservices", "title": "Services informatiques et r\u00e9paration"}, {"category": [], "alias": "couriers", "title": "Services postaux et livraisons"}, {"category": [], "alias": "recording_studios", "title": "Studios d\u2019enregistrement et de r\u00e9p\u00e9tition"}, {"category": [], "alias": "screenprinting", "title": "S\u00e9rigraphie"}, {"category": [], "alias": "homeappliancerepair", "title": "\u00c9lectrom\u00e9nager et r\u00e9paration"}], "alias": "localservices", "title": "Services locaux"}, {"category": [{"category": [], "alias": "employmentagencies", "title": "Agences pour l\u2019emploi"}, {"category": [], "alias": "architects", "title": "Architectes"}, {"category": [{"category": [], "alias": "general_litigation", "title": "Contentieux g\u00e9n\u00e9ral"}, {"category": [], "alias": "divorce", "title": "Divorces et droit de la famille"}, {"category": [], "alias": "criminaldefense", "title": "Droit criminel et p\u00e9nal"}, {"category": [], "alias": "immigrationlawyers", "title": "Droit de l'immigration"}, {"category": [], "alias": "bankruptcy", "title": "Droit des faillites"}, {"category": [], "alias": "personal_injury", "title": "Droit des l\u00e9sions corporelles"}, {"category": [], "alias": "estateplanning", "title": "Droit du patrimoine"}, {"category": [], "alias": "employmentlawyers", "title": "Droit du travail"}, {"category": [], "alias": "realestatelawyers", "title": "Droit immobilier"}], "alias": "lawyers", "title": "Avocats"}, {"category": [], "alias": "lifecoach", "title": "Coach de vie"}, {"category": [], "alias": "accountants", "title": "Comptables"}, {"category": [], "alias": "careercounseling", "title": "Conseil carri\u00e8re"}, {"category": [], "alias": "graphicdesign", "title": "Design Graphique"}, {"category": [], "alias": "privateinvestigation", "title": "D\u00e9tective priv\u00e9"}, {"category": [], "alias": "isps", "title": "Fournisseur d\u2019acc\u00e8s Internet"}, {"category": [], "alias": "marketing", "title": "Marketing"}, {"category": [], "alias": "officecleaning", "title": "Nettoyage de bureaux"}, {"category": [], "alias": "videofilmproductions", "title": "Production de vid\u00e9o/film"}, {"category": [], "alias": "advertising", "title": "Publicit\u00e9"}, {"category": [], "alias": "publicrelations", "title": "Relations publiques"}, {"category": [], "alias": "boatrepair", "title": "R\u00e9paration de bateaux"}, {"category": [], "alias": "web_design", "title": "Web design"}], "alias": "professional", "title": "Services professionnels"}, {"category": [{"category": [], "alias": "libraries", "title": "Biblioth\u00e8ques"}, {"category": [], "alias": "postoffices", "title": "Bureaux de poste"}, {"category": [], "alias": "policedepartments", "title": "Commissariats de police"}, {"category": [], "alias": "landmarks", "title": "Lieux et b\u00e2timents historiques"}], "alias": "publicservicesgovt", "title": "Services publics et gouvernement"}, {"category": [{"category": [], "alias": "landscapearchitects", "title": "Architectectes paysagistes"}, {"category": [], "alias": "hvac", "title": "Chauffage et air conditionn\u00e9"}, {"category": [], "alias": "locksmiths", "title": "Cl\u00e9s et serrurerie"}, {"category": [], "alias": "interiordesign", "title": "Conception d\u2019int\u00e9rieur"}, {"category": [], "alias": "movers", "title": "D\u00e9m\u00e9nageurs"}, {"category": [], "alias": "contractors", "title": "Entreprises de b\u00e2timent"}, {"category": [], "alias": "home_inspectors", "title": "Experts immobilier"}, {"category": [], "alias": "isps", "title": "Fournisseur d\u2019acc\u00e8s Internet"}, {"category": [], "alias": "buildingsupplies", "title": "Fournitures immobili\u00e8res"}, {"category": [{"category": [], "alias": "realestateagents", "title": "Agents immobiliers"}, {"category": [], "alias": "apartments", "title": "Appartements meubl\u00e9s "}, {"category": [], "alias": "mortgagebrokers", "title": "Courtiers en pr\u00eats hypoth\u00e9caires"}, {"category": [], "alias": "homestaging", "title": "D\u00e9coration d'Int\u00e9rieur"}, {"category": [], "alias": "propertymgmt", "title": "Gestion de patrimoine"}, {"category": [], "alias": "university_housing", "title": "Logements universitaires"}, {"category": [], "alias": "realestatesvcs", "title": "Services immobiliers"}], "alias": "realestate", "title": "Immobilier"}, {"category": [], "alias": "solarinstallation", "title": "Installation d'\u00e9nergie solaire"}, {"category": [], "alias": "hometheatreinstallation", "title": "Installation de Home Cinema"}, {"category": [], "alias": "windowsinstallation", "title": "Installation de fen\u00eatres"}, {"category": [], "alias": "lighting", "title": "Installation et \u00e9quipement pour \u00e9clairage"}, {"category": [], "alias": "gardeners", "title": "Jardiniers"}, {"category": [], "alias": "windowwashing", "title": "Lavage de vitres"}, {"category": [], "alias": "homecleaning", "title": "Nettoyage domestique"}, {"category": [], "alias": "poolcleaners", "title": "Nettoyage piscine"}, {"category": [], "alias": "televisionserviceproviders", "title": "Op\u00e9rateurs audiovisuels"}, {"category": [], "alias": "landscaping", "title": "Paysagistes"}, {"category": [], "alias": "painters", "title": "Peintres"}, {"category": [], "alias": "handyman", "title": "Petits Travaux \u00c0 domicile"}, {"category": [], "alias": "plumbing", "title": "Plomberie"}, {"category": [], "alias": "carpetinstallation", "title": "Pose de moquettes/tapis"}, {"category": [], "alias": "treeservices", "title": "Service d'arboriculture"}, {"category": [], "alias": "flooring", "title": "Sols"}, {"category": [], "alias": "blinds", "title": "Stores et persiennes"}, {"category": [], "alias": "securitysystems", "title": "Syst\u00e8me de s\u00e9curit\u00e9"}, {"category": [], "alias": "carpeting", "title": "Tapis"}, {"category": [], "alias": "roofing", "title": "Toiture"}, {"category": [], "alias": "electricians", "title": "\u00c9lectriciens"}], "alias": "homeservices", "title": "Services \u00e0 domicile"}, {"category": [{"category": [], "alias": "partysupplies", "title": "Articles pour l\u2019organisation de f\u00eates"}, {"category": [], "alias": "boatcharters", "title": "Bateaux Navettes"}, {"category": [], "alias": "personalchefs", "title": "Cuisiniers personnels"}, {"category": [], "alias": "djs", "title": "DJ"}, {"category": [], "alias": "hotels", "title": "H\u00f4tels"}, {"category": [], "alias": "stationery", "title": "Papeteries"}, {"category": [], "alias": "photographers", "title": "Photographes"}, {"category": [], "alias": "wedding_planning", "title": "Planification de mariages"}, {"category": [], "alias": "venues", "title": "Salles et espaces \u00e9v\u00e9nementiels"}, {"category": [], "alias": "catering", "title": "Traiteurs"}, {"category": [], "alias": "videographers", "title": "Vid\u00e9astes"}, {"category": [], "alias": "eventplanning", "title": "\u00c9v\u00e9nementiel"}], "alias": "eventservices", "title": "Services \u00e9v\u00e9nementiels"}, {"category": [{"category": [], "alias": "pawn", "title": "Achat-vente aux particuliers"}, {"category": [], "alias": "adult", "title": "Adulte"}, {"category": [], "alias": "antiques", "title": "Antiquit\u00e9s"}, {"category": [{"category": [], "alias": "bikes", "title": "V\u00e9los"}, {"category": [], "alias": "sportswear", "title": "V\u00eatements de sport"}, {"category": [], "alias": "outdoorgear", "title": "\u00c9quipement pour l\u2019ext\u00e9rieur"}], "alias": "sportgoods", "title": "Articles de sport"}, {"category": [{"category": [], "alias": "costumes", "title": "D\u00e9guisements"}, {"category": [], "alias": "framing", "title": "Encadrement"}, {"category": [], "alias": "artsupplies", "title": "Fournitures d\u2019art"}, {"category": [], "alias": "fabricstores", "title": "Magasins de textile"}, {"category": [], "alias": "stationery", "title": "Papeteries"}], "alias": "artsandcrafts", "title": "Artisanat"}, {"category": [], "alias": "luggage", "title": "Bagages"}, {"category": [], "alias": "jewelry", "title": "Bijouterie et Joaillerie"}, {"category": [], "alias": "spiritual_shop", "title": "Boutique spirituelle"}, {"category": [], "alias": "shoppingcenters", "title": "Centres commerciaux"}, {"category": [], "alias": "concept_shops", "title": "Concept Stores"}, {"category": [{"category": [], "alias": "florists", "title": "Fleuristes"}, {"category": [], "alias": "stationery", "title": "Papeteries"}], "alias": "flowers", "title": "Fleurs et cadeaux"}, {"category": [], "alias": "galleries", "title": "Galeries d\u2019art"}, {"category": [], "alias": "deptstores", "title": "Grands magasins"}, {"category": [], "alias": "wholesale_stores", "title": "Grossistes"}, {"category": [], "alias": "musicalinstrumentsandteachers", "title": "Instruments et professeurs de musique"}, {"category": [{"category": [], "alias": "comicbooks", "title": "Bandes dessin\u00e9es"}, {"category": [], "alias": "vinyl_records", "title": "Disques vinyle"}, {"category": [], "alias": "mags", "title": "Journaux et magazines"}, {"category": [], "alias": "bookstores", "title": "Librairies"}, {"category": [], "alias": "videoandgames", "title": "Location de films et de jeux vid\u00e9o"}, {"category": [], "alias": "musicvideo", "title": "Musique et DVD"}], "alias": "media", "title": "Livres, magazines, musique et vid\u00e9o"}, {"category": [], "alias": "opticians", "title": "Lunettes et opticiens"}, {"category": [], "alias": "thrift_stores", "title": "Magasins d'occasion"}, {"category": [], "alias": "toys", "title": "Magasins de jouets"}, {"category": [], "alias": "hobbyshops", "title": "Magasins de loisirs"}, {"category": [], "alias": "discountstore", "title": "Magasins discount"}, {"category": [], "alias": "outlet_stores", "title": "Magasins d\u2019usine"}, {"category": [], "alias": "photographystores", "title": "Magasins et services de photographie"}, {"category": [{"category": [], "alias": "tableware", "title": "Arts de la table"}, {"category": [], "alias": "kitchenandbath", "title": "Cuisine et salle de bain"}, {"category": [], "alias": "homedecor", "title": "D\u00e9coration d\u2019int\u00e9rieur"}, {"category": [], "alias": "hottubandpool", "title": "Jacuzzi et piscine"}, {"category": [], "alias": "linens", "title": "Linge de maison"}, {"category": [], "alias": "furniture", "title": "Magasins d\u2019ameublement"}, {"category": [], "alias": "mattresses", "title": "Matelas"}, {"category": [], "alias": "gardening", "title": "P\u00e9pini\u00e8re et jardinage"}, {"category": [], "alias": "hardware", "title": "Quincaillerie"}, {"category": [], "alias": "appliances", "title": "\u00c9lectrom\u00e9nager"}], "alias": "homeandgarden", "title": "Maison et jardin"}, {"category": [], "alias": "fleamarkets", "title": "March\u00e9 aux puces"}, {"category": [], "alias": "bridal", "title": "Mariage"}, {"category": [], "alias": "baby_gear", "title": "Mat\u00e9riel et meubles pour b\u00e9b\u00e9"}, {"category": [], "alias": "knittingsupplies", "title": "Mercerie et Mat\u00e9riel de couture"}, {"category": [{"category": [], "alias": "accessories", "title": "Accessoires"}, {"category": [], "alias": "deptstores", "title": "Grands magasins"}, {"category": [], "alias": "shoes", "title": "Magasins de chaussures"}, {"category": [], "alias": "swimwear", "title": "Maillots de bain"}, {"category": [], "alias": "leather", "title": "Maroquinerie"}, {"category": [], "alias": "vintage", "title": "Occasion, vintage et d\u00e9p\u00f4t-vente"}, {"category": [], "alias": "lingerie", "title": "Sous-v\u00eatements"}, {"category": [], "alias": "maternity", "title": "V\u00eatements de maternit\u00e9"}, {"category": [], "alias": "sportswear", "title": "V\u00eatements de sport"}, {"category": [], "alias": "childcloth", "title": "V\u00eatements pour enfants"}, {"category": [], "alias": "womenscloth", "title": "V\u00eatements pour femmes"}, {"category": [], "alias": "menscloth", "title": "V\u00eatements pour hommes"}], "alias": "fashion", "title": "Mode"}, {"category": [], "alias": "watches", "title": "Montres"}, {"category": [], "alias": "computers", "title": "Ordinateurs et Mat\u00e9riel informatique"}, {"category": [], "alias": "perfume", "title": "Parfumerie"}, {"category": [], "alias": "drugstores", "title": "Pharmacies"}, {"category": [], "alias": "mobilephones", "title": "Portables"}, {"category": [], "alias": "cosmetics", "title": "Produits de beaut\u00e9 et cosm\u00e9tiques"}, {"category": [], "alias": "personal_shopping", "title": "Shopping personnalis\u00e9"}, {"category": [], "alias": "tobaccoshops", "title": "Tabacs"}, {"category": [], "alias": "electronics", "title": "\u00c9lectronique"}, {"category": [], "alias": "officeequipment", "title": "\u00c9quipement pour le bureau"}], "alias": "shopping", "title": "Shopping"}, {"category": [], "alias": "localflavor", "title": "Sp\u00e9cialit\u00e9s locales"}, {"category": [{"category": [], "alias": "playgrounds", "title": "Aires de jeux"}, {"category": [], "alias": "aquariums", "title": "Aquariums"}, {"category": [], "alias": "bowling", "title": "Bowling"}, {"category": [], "alias": "summer_camps", "title": "Camps de vacances"}, {"category": [], "alias": "recreation", "title": "Centre de loisirs"}, {"category": [], "alias": "leisure_centers", "title": "Centres de loisirs"}, {"category": [], "alias": "sports_clubs", "title": "Clubs de sport"}, {"category": [], "alias": "discgolf", "title": "Disc-Golf"}, {"category": [], "alias": "amateursportsteams", "title": "Equipes sportives d'amateurs"}, {"category": [], "alias": "climbing", "title": "Escalade"}, {"category": [{"category": [], "alias": "martialarts", "title": "Arts martiaux"}, {"category": [], "alias": "pilates", "title": "Pilates"}, {"category": [], "alias": "healthtrainers", "title": "Profs de sport"}, {"category": [], "alias": "gyms", "title": "Salles de sport"}, {"category": [], "alias": "dancestudio", "title": "Studios de danse"}, {"category": [], "alias": "taichi", "title": "Tai Chi"}, {"category": [], "alias": "yoga", "title": "Yoga"}, {"category": [], "alias": "swimminglessons", "title": "\u00c9coles/Cours de natation"}], "alias": "fitness", "title": "Fitness et coaching"}, {"category": [], "alias": "football", "title": "Football"}, {"category": [], "alias": "golf", "title": "Golf"}, {"category": [], "alias": "gokarts", "title": "Karting"}, {"category": [], "alias": "lakes", "title": "Lacs"}, {"category": [], "alias": "bikerentals", "title": "Location de v\u00e9los"}, {"category": [], "alias": "mini_golf", "title": "Mini Golf"}, {"category": [], "alias": "boating", "title": "Navigation"}, {"category": [], "alias": "skydiving", "title": "Parachutisme"}, {"category": [{"category": [], "alias": "dog_parks", "title": "Parcs pour chiens"}, {"category": [], "alias": "skate_parks", "title": "Parcs pour skateboards"}], "alias": "parks", "title": "Parcs"}, {"category": [], "alias": "amusementparks", "title": "Parcs d\u2019attraction"}, {"category": [], "alias": "skatingrinks", "title": "Patinoires"}, {"category": [], "alias": "swimmingpools", "title": "Piscines"}, {"category": [], "alias": "beaches", "title": "Plages"}, {"category": [{"category": [], "alias": "freediving", "title": "Apn\u00e9e"}, {"category": [], "alias": "scuba", "title": "Plong\u00e9e sous-marine"}], "alias": "diving", "title": "Plong\u00e9e"}, {"category": [], "alias": "fishing", "title": "P\u00eache"}, {"category": [], "alias": "rafting", "title": "Rafting/Kayak"}, {"category": [], "alias": "hiking", "title": "Randonn\u00e9e"}, {"category": [], "alias": "tennis", "title": "Tennis"}, {"category": [], "alias": "archery", "title": "Tir \u00e0 l'arc"}, {"category": [], "alias": "mountainbiking", "title": "VTT"}, {"category": [], "alias": "zoos", "title": "Zoos"}, {"category": [], "alias": "horsebackriding", "title": "\u00c9quitation"}], "alias": "active", "title": "Vie active"}, {"category": [{"category": [{"category": [], "alias": "lounges", "title": "Bar-lounges"}, {"category": [], "alias": "sportsbars", "title": "Bars des sports"}, {"category": [], "alias": "gaybars", "title": "Bars gay"}, {"category": [], "alias": "champagne_bars", "title": "Bars \u00e0 Champagne"}, {"category": [], "alias": "hookah_bars", "title": "Bars \u00e0 narguil\u00e9"}, {"category": [], "alias": "wine_bars", "title": "Bars \u00e0 vins"}, {"category": [], "alias": "pubs", "title": "Pubs"}, {"category": [], "alias": "divebars", "title": "Troquets et Bars PMU"}], "alias": "bars", "title": "Bars"}, {"category": [], "alias": "danceclubs", "title": "Bo\u00eetes de nuit"}, {"category": [], "alias": "comedyclubs", "title": "Comedy Clubs"}, {"category": [], "alias": "adultentertainment", "title": "Divertissements pour adultes"}, {"category": [], "alias": "jazzandblues", "title": "Jazz et blues"}, {"category": [], "alias": "karaoke", "title": "Karaoke"}, {"category": [], "alias": "poolhalls", "title": "Salles de billard"}, {"category": [], "alias": "musicvenues", "title": "Salles de concert"}], "alias": "nightlife", "title": "Vie nocturne"}]