[{"category": [{"category": [], "alias": "fooddeliveryservices", "title": "Alimentari con consegna a domicilio"}, {"category": [], "alias": "wineries", "title": "Aziende vinicole"}, {"category": [], "alias": "bagels", "title": "Bagel"}, {"category": [], "alias": "breweries", "title": "Birrerie"}, {"category": [], "alias": "coffee", "title": "Caff\u00e8 e t\u00e8"}, {"category": [], "alias": "beer_and_wine", "title": "Cantine ed enoteche"}, {"category": [], "alias": "diyfood", "title": "Cucina fai-da-te"}, {"category": [], "alias": "desserts", "title": "Dolci e pasticceria"}, {"category": [], "alias": "donuts", "title": "Donut"}, {"category": [], "alias": "juicebars", "title": "Frullati, succhi e centrifugati"}, {"category": [], "alias": "icecream", "title": "Gelaterie e yogurterie"}, {"category": [], "alias": "internetcafe", "title": "Internet caf\u00e9"}, {"category": [], "alias": "butcher", "title": "Macellerie"}, {"category": [], "alias": "farmersmarket", "title": "Mercati ortofrutticoli e fruttivendoli"}, {"category": [], "alias": "convenience", "title": "Minimarket"}, {"category": [], "alias": "bakeries", "title": "Panifici"}, {"category": [], "alias": "tea", "title": "Sale da t\u00e8"}, {"category": [], "alias": "grocery", "title": "Salumerie e alimentari"}, {"category": [{"category": [], "alias": "chocolate", "title": "Cioccolaterie"}, {"category": [], "alias": "candy", "title": "Dolci e caramelle"}, {"category": [], "alias": "herbsandspices", "title": "Erbe e spezie"}, {"category": [], "alias": "markets", "title": "Frutta e verdura"}, {"category": [], "alias": "meats", "title": "Macellerie"}, {"category": [], "alias": "healthmarkets", "title": "Mercati di prodotti biologici"}, {"category": [], "alias": "seafoodmarkets", "title": "Mercati ittici e pescherie"}, {"category": [], "alias": "cheese", "title": "Negozi di formaggi, latterie, caseifici"}, {"category": [], "alias": "ethnicmarkets", "title": "Prodotti alimentari etnici"}], "alias": "gourmet", "title": "Specialit\u00e0 culinarie"}, {"category": [], "alias": "streetvendors", "title": "Venditori ambulanti"}], "alias": "food", "title": "Alimentazione"}, {"category": [{"category": [], "alias": "animalshelters", "title": "Canili"}, {"category": [], "alias": "petstore", "title": "Negozi di animali, allevamenti e articoli per animali"}, {"category": [{"category": [], "alias": "pet_training", "title": "Addestramento di animali domestici"}, {"category": [], "alias": "dogwalkers", "title": "Dog sitter"}, {"category": [], "alias": "pet_sitting", "title": "Pensioni per animali e pet sitter"}, {"category": [], "alias": "groomer", "title": "Toletta per animali"}], "alias": "petservices", "title": "Servizi per animali domestici"}, {"category": [], "alias": "vet", "title": "Veterinari"}], "alias": "pets", "title": "Animali domestici"}, {"category": [{"category": [], "alias": "wineries", "title": "Aziende vinicole"}, {"category": [], "alias": "casinos", "title": "Casin\u00f2, scommesse e lotterie"}, {"category": [], "alias": "movietheaters", "title": "Cinema"}, {"category": [], "alias": "social_clubs", "title": "Circoli"}, {"category": [], "alias": "festivals", "title": "Fiere, feste e festival"}, {"category": [], "alias": "galleries", "title": "Gallerie d'arte e spazi espositivi"}, {"category": [], "alias": "jazzandblues", "title": "Jazz e blues"}, {"category": [], "alias": "psychic_astrology", "title": "Maghi, astrologi e sensitivi"}, {"category": [], "alias": "museums", "title": "Musei"}, {"category": [], "alias": "opera", "title": "Opera e balletto"}, {"category": [], "alias": "gardens", "title": "Parchi e giardini"}, {"category": [], "alias": "musicvenues", "title": "Sale da concerto e arene"}, {"category": [], "alias": "arcades", "title": "Sale giochi e ludoteche"}, {"category": [], "alias": "sportsteams", "title": "Squadre sportive"}, {"category": [], "alias": "stadiumsarenas", "title": "Stadi e arene"}, {"category": [], "alias": "theater", "title": "Teatro e danza"}], "alias": "arts", "title": "Arte e spettacoli"}, {"category": [{"category": [], "alias": "carwash", "title": "Autolavaggi"}, {"category": [], "alias": "oilchange", "title": "Cambio dell'olio"}, {"category": [], "alias": "bodyshops", "title": "Carrozzerie"}, {"category": [], "alias": "car_dealers", "title": "Concessionari auto"}, {"category": [], "alias": "motorcycledealers", "title": "Concessionari moto"}, {"category": [], "alias": "smog_check_stations", "title": "Controllo gas di scarico auto"}, {"category": [], "alias": "servicestations", "title": "Distributori di benzina e stazioni di servizio"}, {"category": [], "alias": "windshieldinstallrepair", "title": "Installazione e riparazione parabrezza"}, {"category": [], "alias": "stereo_installation", "title": "Installazione impianti audio per auto"}, {"category": [], "alias": "auto_detailing", "title": "Manutenzione auto"}, {"category": [], "alias": "parking", "title": "Parcheggi"}, {"category": [], "alias": "tires", "title": "Pneumatici"}, {"category": [], "alias": "autopartssupplies", "title": "Ricambi e accessori auto"}, {"category": [], "alias": "motorcyclerepair", "title": "Riparazione moto e biciclette"}, {"category": [], "alias": "autoglass", "title": "Riparazione vetri auto"}, {"category": [], "alias": "autorepair", "title": "Riparazioni auto"}, {"category": [], "alias": "towing", "title": "Servizi di rimozione"}], "alias": "auto", "title": "Automobili"}, {"category": [{"category": [], "alias": "airports", "title": "Aeroporti"}, {"category": [], "alias": "vacationrentalagents", "title": "Affitto case per vacanze"}, {"category": [], "alias": "travelservices", "title": "Agenzie di viaggio"}, {"category": [], "alias": "carrental", "title": "Autonoleggi"}, {"category": [], "alias": "bedbreakfast", "title": "Bed & Breakfast"}, {"category": [], "alias": "campgrounds", "title": "Campeggi"}, {"category": [], "alias": "tours", "title": "Escursioni e tour"}, {"category": [], "alias": "hotels", "title": "Hotel"}, {"category": [], "alias": "rvrental", "title": "Noleggio camper e caravan"}, {"category": [], "alias": "hostels", "title": "Ostelli"}, {"category": [], "alias": "guesthouses", "title": "Pensioni"}, {"category": [], "alias": "skiresorts", "title": "Stazioni sciistiche"}, {"category": [{"category": [], "alias": "airlines", "title": "Compagnie aeree"}, {"category": [], "alias": "limos", "title": "Limousine"}, {"category": [], "alias": "airport_shuttles", "title": "Navette da/per aeroporto"}, {"category": [], "alias": "taxis", "title": "Taxi"}, {"category": [], "alias": "publictransport", "title": "Trasporti pubblici"}], "alias": "transport", "title": "Trasporti"}], "alias": "hotelstravel", "title": "Hotel e viaggi"}, {"category": [{"category": [], "alias": "realestateagents", "title": "Agenzie immobiliari"}, {"category": [], "alias": "university_housing", "title": "Alloggi per studenti"}, {"category": [], "alias": "propertymgmt", "title": "Amministrazione d\u2019immobili"}, {"category": [], "alias": "apartments", "title": "Appartamenti"}, {"category": [], "alias": "homestaging", "title": "Home staging"}, {"category": [], "alias": "mortgagebrokers", "title": "Mutui e prestiti"}, {"category": [], "alias": "realestatesvcs", "title": "Servizi immobiliari"}], "alias": "realestate", "title": "Immobili"}, {"category": [{"category": [], "alias": "printmedia", "title": "Carta stampata"}, {"category": [], "alias": "televisionstations", "title": "Emittenti televisive"}, {"category": [], "alias": "radiostations", "title": "Stazioni radio"}], "alias": "massmedia", "title": "Mass media"}, {"category": [{"category": [], "alias": "churches", "title": "Chiese"}, {"category": [], "alias": "mosques", "title": "Moschee"}, {"category": [], "alias": "synagogues", "title": "Sinagoghe"}, {"category": [], "alias": "buddhist_temples", "title": "Templi buddisti"}, {"category": [], "alias": "hindu_temples", "title": "Templi induisti"}], "alias": "religiousorgs", "title": "Organizzazioni religiose"}, {"category": [], "alias": "localflavor", "title": "Particolarit\u00e0 locali"}, {"category": [{"category": [], "alias": "partysupplies", "title": "Articoli per feste"}, {"category": [], "alias": "stationery", "title": "Cartolerie"}, {"category": [], "alias": "catering", "title": "Catering"}, {"category": [], "alias": "personalchefs", "title": "Chef personali"}, {"category": [], "alias": "djs", "title": "DJ"}, {"category": [], "alias": "photographers", "title": "Fotografi"}, {"category": [], "alias": "hotels", "title": "Hotel"}, {"category": [], "alias": "boatcharters", "title": "Noleggi barche"}, {"category": [], "alias": "wedding_planning", "title": "Organizzazione di matrimoni"}, {"category": [], "alias": "eventplanning", "title": "Pianificazione di feste ed eventi"}, {"category": [], "alias": "venues", "title": "Sale e spazi per eventi"}, {"category": [], "alias": "videographers", "title": "Servizi video"}], "alias": "eventservices", "title": "Pianificazione e servizi per eventi"}, {"category": [{"category": [], "alias": "afghani", "title": "Afgano"}, {"category": [], "alias": "african", "title": "Africano"}, {"category": [], "alias": "tradamerican", "title": "Americano (tradizionale)"}, {"category": [], "alias": "argentine", "title": "Argentino"}, {"category": [], "alias": "gastropubs", "title": "Bar e aperitivi"}, {"category": [], "alias": "bbq", "title": "Barbecue"}, {"category": [], "alias": "basque", "title": "Basco"}, {"category": [], "alias": "belgian", "title": "Belga"}, {"category": [], "alias": "burmese", "title": "Birmano"}, {"category": [], "alias": "brazilian", "title": "Brasiliano"}, {"category": [], "alias": "brasseries", "title": "Brasserie"}, {"category": [], "alias": "british", "title": "Britannico"}, {"category": [], "alias": "buffets", "title": "Buffet"}, {"category": [], "alias": "cafes", "title": "Caff\u00e8"}, {"category": [], "alias": "cambodian", "title": "Cambogiano"}, {"category": [], "alias": "caribbean", "title": "Caraibico"}, {"category": [], "alias": "cheesesteaks", "title": "Cheesesteak"}, {"category": [], "alias": "foodstands", "title": "Chioschi gastronomici"}, {"category": [], "alias": "hotdogs", "title": "Cibo da asporto, fast food "}, {"category": [{"category": [], "alias": "dimsum", "title": "Dim sum"}], "alias": "chinese", "title": "Cinese"}, {"category": [], "alias": "breakfast_brunch", "title": "Colazioni e brunch"}, {"category": [], "alias": "korean", "title": "Coreano"}, {"category": [], "alias": "cajun", "title": "Creolo e cajun"}, {"category": [], "alias": "creperies", "title": "Creperie"}, {"category": [], "alias": "raw_food", "title": "Crudo"}, {"category": [], "alias": "cuban", "title": "Cubano"}, {"category": [], "alias": "soulfood", "title": "Cucina afro-americana"}, {"category": [], "alias": "diners", "title": "Diner"}, {"category": [], "alias": "ethiopian", "title": "Etiope"}, {"category": [], "alias": "modern_european", "title": "Europeo moderno"}, {"category": [], "alias": "filipino", "title": "Filippino"}, {"category": [], "alias": "fishnchips", "title": "Fish & Chips"}, {"category": [], "alias": "fondue", "title": "Fonduta"}, {"category": [], "alias": "french", "title": "Francese"}, {"category": [], "alias": "asianfusion", "title": "Fusion asiatica"}, {"category": [], "alias": "japanese", "title": "Giapponese"}, {"category": [], "alias": "greek", "title": "Greco"}, {"category": [], "alias": "halal", "title": "Halal"}, {"category": [], "alias": "burgers", "title": "Hamburger"}, {"category": [], "alias": "hawaiian", "title": "Hawaiano"}, {"category": [], "alias": "himalayan", "title": "Himalayano/nepalese"}, {"category": [], "alias": "hotdog", "title": "Hot dog"}, {"category": [], "alias": "indpak", "title": "Indiano"}, {"category": [], "alias": "indonesian", "title": "Indonesiano"}, {"category": [], "alias": "salad", "title": "Insalata"}, {"category": [], "alias": "irish", "title": "Irlandese"}, {"category": [{"category": [], "alias": "altoatesine", "title": "Cucina altoatesina"}, {"category": [], "alias": "calabrian", "title": "Cucina calabrese"}, {"category": [], "alias": "emilian", "title": "Cucina emiliana"}, {"category": [], "alias": "friulan", "title": "Cucina friulana"}, {"category": [], "alias": "ligurian", "title": "Cucina ligure"}, {"category": [], "alias": "lumbard", "title": "Cucina lombarda"}, {"category": [], "alias": "apulian", "title": "Cucina pugliese"}, {"category": [], "alias": "roman", "title": "Cucina romana"}, {"category": [], "alias": "sardinian", "title": "Cucina sarda"}, {"category": [], "alias": "sicilian", "title": "Cucina siciliana"}, {"category": [], "alias": "tuscan", "title": "Cucina toscana"}, {"category": [], "alias": "venetian", "title": "Cucina veneta"}], "alias": "italian", "title": "Italiano"}, {"category": [], "alias": "kosher", "title": "Kosher"}, {"category": [], "alias": "latin", "title": "Latino-americano"}, {"category": [], "alias": "malaysian", "title": "Malese"}, {"category": [], "alias": "moroccan", "title": "Marocchino"}, {"category": [], "alias": "mideastern", "title": "Medio-orientale"}, {"category": [], "alias": "mediterranean", "title": "Mediterraneo"}, {"category": [], "alias": "mexican", "title": "Messicano"}, {"category": [], "alias": "mongolian", "title": "Mongolo"}, {"category": [], "alias": "pakistani", "title": "Pachistano"}, {"category": [], "alias": "sandwiches", "title": "Panini e sandwich"}, {"category": [], "alias": "persian", "title": "Persiano/iraniano"}, {"category": [], "alias": "peruvian", "title": "Peruviano"}, {"category": [], "alias": "seafood", "title": "Pesce"}, {"category": [], "alias": "pizza", "title": "Pizza"}, {"category": [], "alias": "polish", "title": "Polacco"}, {"category": [], "alias": "portuguese", "title": "Portoghese"}, {"category": [], "alias": "russian", "title": "Russo"}, {"category": [], "alias": "scandinavian", "title": "Scandinavo"}, {"category": [], "alias": "gluten_free", "title": "Senza glutine"}, {"category": [], "alias": "singaporean", "title": "Singaporiano"}, {"category": [], "alias": "spanish", "title": "Spagnolo"}, {"category": [], "alias": "delis", "title": "Specialit\u00e0 gastronomiche"}, {"category": [], "alias": "southern", "title": "Statunitense del sud"}, {"category": [], "alias": "steak", "title": "Steak house e rosticcerie"}, {"category": [], "alias": "sushi", "title": "Sushi bar"}, {"category": [], "alias": "taiwanese", "title": "Taiwanese"}, {"category": [], "alias": "tapas", "title": "Tapas bar"}, {"category": [], "alias": "tapasmallplates", "title": "Tapas/snack"}, {"category": [], "alias": "german", "title": "Tedesco"}, {"category": [], "alias": "tex-mex", "title": "Tex-mex"}, {"category": [], "alias": "thai", "title": "Thailandese"}, {"category": [], "alias": "turkish", "title": "Turco"}, {"category": [], "alias": "ukrainian", "title": "Ucraino"}, {"category": [], "alias": "hungarian", "title": "Ungherese"}, {"category": [], "alias": "vegan", "title": "Vegano"}, {"category": [], "alias": "vegetarian", "title": "Vegetariano"}, {"category": [], "alias": "vietnamese", "title": "Vietnamita"}, {"category": [], "alias": "soup", "title": "Zuppe"}], "alias": "restaurants", "title": "Ristoranti"}, {"category": [{"category": [], "alias": "barbers", "title": "Barbieri"}, {"category": [], "alias": "skincare", "title": "Cura della pelle"}, {"category": [], "alias": "medicalspa", "title": "Cure termali"}, {"category": [], "alias": "spas", "title": "Day spa, saune, hammam"}, {"category": [{"category": [], "alias": "laser_hair_removal", "title": "Epilazione con laser"}], "alias": "hairremoval", "title": "Depilazione"}, {"category": [], "alias": "othersalons", "title": "Manicure, pedicure"}, {"category": [], "alias": "massage", "title": "Massaggi"}, {"category": [], "alias": "hair", "title": "Parrucchieri"}, {"category": [], "alias": "piercing", "title": "Piercing"}, {"category": [], "alias": "cosmetics", "title": "Profumerie, cosmesi e prodotti di bellezza"}, {"category": [], "alias": "tanning", "title": "Solarium"}, {"category": [], "alias": "tattoo", "title": "Tatuaggi"}, {"category": [], "alias": "eyelashservice", "title": "Trattamento ciglia"}, {"category": [], "alias": "makeupartists", "title": "Visagisti"}], "alias": "beautysvc", "title": "Saloni di bellezza e wellness "}, {"category": [{"category": [], "alias": "acupuncture", "title": "Agopuntura"}, {"category": [], "alias": "homehealthcare", "title": "Assistenza domiciliare"}, {"category": [], "alias": "hospice", "title": "Case di cura e ospizi"}, {"category": [], "alias": "retirement_homes", "title": "Case di riposo e centri per anziani"}, {"category": [], "alias": "weightlosscenters", "title": "Centri dimagrimento"}, {"category": [], "alias": "medcenters", "title": "Centri medici, laboratori analisi e istituti diagnostici"}, {"category": [], "alias": "chiropractors", "title": "Chiropratici"}, {"category": [], "alias": "laserlasikeyes", "title": "Chirurgia ottica con laser/Lasik"}, {"category": [], "alias": "medicalspa", "title": "Cure termali"}, {"category": [{"category": [], "alias": "oralsurgeons", "title": "Chirurgia orale"}, {"category": [], "alias": "generaldentistry", "title": "Cura e igiene orale"}, {"category": [], "alias": "pediatric_dentists", "title": "Dentisti per bambini"}, {"category": [], "alias": "endodontists", "title": "Endodontisti"}, {"category": [], "alias": "orthodontists", "title": "Ortodontisti"}, {"category": [], "alias": "periodontists", "title": "Periodontisti"}, {"category": [], "alias": "cosmeticdentists", "title": "Trattamenti di estetica dentale"}], "alias": "dentists", "title": "Dentisti"}, {"category": [], "alias": "physicaltherapy", "title": "Fisioterapia"}, {"category": [], "alias": "speech_therapists", "title": "Logopedisti"}, {"category": [{"category": [], "alias": "allergist", "title": "Allergologi"}, {"category": [], "alias": "audiologist", "title": "Audiologi"}, {"category": [], "alias": "cardiology", "title": "Cardiologi"}, {"category": [], "alias": "cosmeticsurgeons", "title": "Chirurgia estetica"}, {"category": [], "alias": "dermatology", "title": "Dermatologi"}, {"category": [], "alias": "fertility", "title": "Fertilit\u00e0"}, {"category": [], "alias": "gastroenterologist", "title": "Gastroenterologi"}, {"category": [], "alias": "gerontologist", "title": "Gerontologi"}, {"category": [], "alias": "familydr", "title": "Medici di base"}, {"category": [], "alias": "sportsmed", "title": "Medicina dello sport"}, {"category": [], "alias": "internalmed", "title": "Medicina interna"}, {"category": [], "alias": "naturopathic", "title": "Naturopatia/medicina olistica"}, {"category": [], "alias": "neurologist", "title": "Neurologi"}, {"category": [], "alias": "opthamalogists", "title": "Oftalmologi"}, {"category": [], "alias": "oncologist", "title": "Oncologi"}, {"category": [], "alias": "orthopedists", "title": "Ortopedici"}, {"category": [], "alias": "osteopathicphysicians", "title": "Osteopati"}, {"category": [], "alias": "obgyn", "title": "Ostetrici e ginecologi"}, {"category": [], "alias": "earnosethroat", "title": "Otorinolaringoiatri"}, {"category": [], "alias": "pediatricians", "title": "Pediatri"}, {"category": [], "alias": "pulmonologist", "title": "Pneumologi"}, {"category": [], "alias": "podiatrists", "title": "Podologi"}, {"category": [], "alias": "proctologist", "title": "Proctologi"}, {"category": [], "alias": "psychiatrists", "title": "Psichiatri"}, {"category": [], "alias": "tattooremoval", "title": "Rimozione di tatuaggi"}], "alias": "physicians", "title": "Medici"}, {"category": [], "alias": "tcm", "title": "Medicina tradizionale cinese"}, {"category": [], "alias": "nutritionists", "title": "Nutrizionisti"}, {"category": [], "alias": "optometrists", "title": "Optometristi"}, {"category": [], "alias": "hospitals", "title": "Ospedali"}, {"category": [], "alias": "midwives", "title": "Ostetriche"}, {"category": [], "alias": "urgent_care", "title": "Pronto soccorso"}, {"category": [], "alias": "c_and_mh", "title": "Psicologi"}], "alias": "health", "title": "Salute e medicina"}, {"category": [{"category": [], "alias": "educationservices", "title": "Corsi di formazione"}, {"category": [], "alias": "adultedu", "title": "Corsi per adulti"}, {"category": [], "alias": "privatetutors", "title": "Insegnanti privati"}, {"category": [{"category": [], "alias": "cosmetology_schools", "title": "Corsi di cosmetica"}, {"category": [], "alias": "cookingschools", "title": "Corsi di cucina"}, {"category": [], "alias": "swimminglessons", "title": "Immersione con ossigeno"}, {"category": [], "alias": "flightinstruction", "title": "Lezioni di volo"}, {"category": [], "alias": "artschools", "title": "Scuole d'arte e di musica"}, {"category": [], "alias": "dance_schools", "title": "Scuole di ballo"}, {"category": [], "alias": "language_schools", "title": "Scuole di lingua"}, {"category": [], "alias": "massage_schools", "title": "Scuole di massaggio"}, {"category": [], "alias": "driving_schools", "title": "Scuole guida"}, {"category": [], "alias": "vocation", "title": "Scuole tecniche e professionali"}], "alias": "specialtyschools", "title": "Istruzione specialistica"}, {"category": [], "alias": "specialed", "title": "Ortopedagogia"}, {"category": [], "alias": "testprep", "title": "Preparazione agli esami"}, {"category": [], "alias": "tutoring", "title": "Ripetizioni e recupero "}, {"category": [], "alias": "elementaryschools", "title": "Scuole elementari"}, {"category": [], "alias": "preschools", "title": "Scuole materne e asili"}, {"category": [], "alias": "highschools", "title": "Scuole medie e superiori"}, {"category": [], "alias": "collegeuniv", "title": "Universit\u00e0"}], "alias": "education", "title": "Scuole, universit\u00e0 e corsi"}, {"category": [{"category": [], "alias": "insurance", "title": "Assicurazioni"}, {"category": [], "alias": "banks", "title": "Banche e organismi di credito"}, {"category": [], "alias": "taxservices", "title": "Commercialisti e servizi fiscali"}, {"category": [], "alias": "financialadvising", "title": "Consulenze finanziarie"}, {"category": [], "alias": "investing", "title": "Investimenti"}, {"category": [], "alias": "paydayloans", "title": "Riscossioni assegni / prestiti"}], "alias": "financialservices", "title": "Servizi finanziari"}, {"category": [{"category": [], "alias": "childcare", "title": "Asili e nidi"}, {"category": [], "alias": "shoerepair", "title": "Calzolai"}, {"category": [], "alias": "recyclingcenter", "title": "Centri di riciclaggio"}, {"category": [], "alias": "copyshops", "title": "Copisterie e servizi di stampa"}, {"category": [], "alias": "couriers", "title": "Corrieri"}, {"category": [], "alias": "selfstorage", "title": "Depositi e box in affitto"}, {"category": [], "alias": "pest_control", "title": "Disinfestazioni"}, {"category": [], "alias": "homeappliancerepair", "title": "Elettrodomestici e riparazioni"}, {"category": [], "alias": "itservices", "title": "Informatica e riparazione computer"}, {"category": [], "alias": "drycleaninglaundry", "title": "Lavanderie"}, {"category": [], "alias": "notaries", "title": "Notai"}, {"category": [], "alias": "watch_repair", "title": "Orologiai"}, {"category": [], "alias": "funeralservices", "title": "Pompe funebri e cimiteri"}, {"category": [], "alias": "carpet_cleaning", "title": "Pulitura tappeti"}, {"category": [], "alias": "junkremovalandhauling", "title": "Raccolta e smaltimento rifiuti"}, {"category": [], "alias": "electronicsrepair", "title": "Riparazioni materiale elettronico"}, {"category": [], "alias": "sewingalterations", "title": "Sartoria"}, {"category": [], "alias": "screenprinting", "title": "Serigrafia"}, {"category": [], "alias": "snowremoval", "title": "Sgombero neve"}, {"category": [], "alias": "shipping_centers", "title": "Spedizioni"}, {"category": [], "alias": "recording_studios", "title": "Studi di registrazione e sala prove"}, {"category": [], "alias": "reupholstery", "title": "Tappezzieri"}, {"category": [], "alias": "nonprofit", "title": "Volontariato/non-profit"}], "alias": "localservices", "title": "Servizi locali"}, {"category": [{"category": [], "alias": "treeservices", "title": "Arboricoltura"}, {"category": [], "alias": "landscapearchitects", "title": "Architetti del paesaggio"}, {"category": [], "alias": "locksmiths", "title": "Chiavi e serrature"}, {"category": [], "alias": "interiordesign", "title": "Design d'interni"}, {"category": [], "alias": "electricians", "title": "Elettricisti e negozi di materiali elettrici"}, {"category": [], "alias": "gardeners", "title": "Giardinieri"}, {"category": [], "alias": "plumbing", "title": "Idraulici"}, {"category": [], "alias": "painters", "title": "Imbianchini e colorerie"}, {"category": [{"category": [], "alias": "realestateagents", "title": "Agenzie immobiliari"}, {"category": [], "alias": "university_housing", "title": "Alloggi per studenti"}, {"category": [], "alias": "propertymgmt", "title": "Amministrazione d\u2019immobili"}, {"category": [], "alias": "apartments", "title": "Appartamenti"}, {"category": [], "alias": "homestaging", "title": "Home staging"}, {"category": [], "alias": "mortgagebrokers", "title": "Mutui e prestiti"}, {"category": [], "alias": "realestatesvcs", "title": "Servizi immobiliari"}], "alias": "realestate", "title": "Immobili"}, {"category": [], "alias": "lighting", "title": "Impianti e articoli per l'illuminazione"}, {"category": [], "alias": "contractors", "title": "Imprese edili"}, {"category": [], "alias": "hometheatreinstallation", "title": "Installazione di home theater"}, {"category": [], "alias": "solarinstallation", "title": "Installazione di impianti solari"}, {"category": [], "alias": "carpetinstallation", "title": "Installazione di moquette"}, {"category": [], "alias": "windowwashing", "title": "Lavaggio di finestre e vetrine"}, {"category": [], "alias": "buildingsupplies", "title": "Materiali da costruzione"}, {"category": [], "alias": "flooring", "title": "Pavimenti"}, {"category": [], "alias": "home_inspectors", "title": "Periti immobiliari"}, {"category": [], "alias": "landscaping", "title": "Progettazione di giardini e aree verdi"}, {"category": [], "alias": "homecleaning", "title": "Pulizia della casa"}, {"category": [], "alias": "poolcleaners", "title": "Pulizia di piscine"}, {"category": [], "alias": "hvac", "title": "Riscaldamento e aria condizionata"}, {"category": [], "alias": "isps", "title": "Servizi Internet"}, {"category": [], "alias": "televisionserviceproviders", "title": "Servizi televisivi"}, {"category": [], "alias": "securitysystems", "title": "Sistemi di sicurezza"}, {"category": [], "alias": "carpeting", "title": "Tappeti e moquette"}, {"category": [], "alias": "blinds", "title": "Tende e avvolgibili"}, {"category": [], "alias": "roofing", "title": "Tetti"}, {"category": [], "alias": "movers", "title": "Traslochi"}, {"category": [], "alias": "handyman", "title": "Tuttofare"}, {"category": [], "alias": "windowsinstallation", "title": "Vetrai, installazione porte e finestre"}], "alias": "homeservices", "title": "Servizi per la casa"}, {"category": [{"category": [], "alias": "employmentagencies", "title": "Agenzie per il lavoro"}, {"category": [], "alias": "architects", "title": "Architetti e geometri"}, {"category": [{"category": [], "alias": "general_litigation", "title": "Consulenze legali"}, {"category": [], "alias": "personal_injury", "title": "Diritto civile"}, {"category": [], "alias": "employmentlawyers", "title": "Diritto del lavoro"}, {"category": [], "alias": "immigrationlawyers", "title": "Diritto dell'immigrazione"}, {"category": [], "alias": "bankruptcy", "title": "Diritto fallimentare"}, {"category": [], "alias": "realestatelawyers", "title": "Diritto immobiliare"}, {"category": [], "alias": "estateplanning", "title": "Diritto patrimoniale"}, {"category": [], "alias": "criminaldefense", "title": "Diritto penale"}, {"category": [], "alias": "divorce", "title": "Divorzi e diritto di famiglia"}], "alias": "lawyers", "title": "Avvocati"}, {"category": [], "alias": "careercounseling", "title": "Consulenze per il lavoro"}, {"category": [], "alias": "graphicdesign", "title": "Graphic design"}, {"category": [], "alias": "privateinvestigation", "title": "Investigatori privati"}, {"category": [], "alias": "lifecoach", "title": "Life coaching"}, {"category": [], "alias": "marketing", "title": "Marketing"}, {"category": [], "alias": "videofilmproductions", "title": "Produzione di video e film"}, {"category": [], "alias": "publicrelations", "title": "Pubbliche relazioni"}, {"category": [], "alias": "advertising", "title": "Pubblicit\u00e0"}, {"category": [], "alias": "officecleaning", "title": "Pulizie di uffici"}, {"category": [], "alias": "accountants", "title": "Ragionieri e commercialisti"}, {"category": [], "alias": "boatrepair", "title": "Riparazione barche"}, {"category": [], "alias": "isps", "title": "Servizi Internet"}, {"category": [], "alias": "web_design", "title": "Web design"}], "alias": "professional", "title": "Servizi professionali"}, {"category": [{"category": [], "alias": "libraries", "title": "Biblioteche"}, {"category": [], "alias": "landmarks", "title": "Monumenti, edifici, luoghi storici e d'interesse"}, {"category": [], "alias": "departmentsofmotorvehicles", "title": "Motorizzazione civile"}, {"category": [], "alias": "policedepartments", "title": "Polizia"}, {"category": [], "alias": "postoffices", "title": "Uffici postali"}], "alias": "publicservicesgovt", "title": "Servizi pubblici e amministrazioni locali"}, {"category": [{"category": [{"category": [], "alias": "womenscloth", "title": "Abbigliamento femminile"}, {"category": [], "alias": "menscloth", "title": "Abbigliamento maschile"}, {"category": [], "alias": "childcloth", "title": "Abbigliamento per bambini"}, {"category": [], "alias": "maternity", "title": "Abbigliamento premaman"}, {"category": [], "alias": "sportswear", "title": "Abbigliamento sportivo"}, {"category": [], "alias": "accessories", "title": "Accessori"}, {"category": [], "alias": "swimwear", "title": "Costumi da bagno"}, {"category": [], "alias": "deptstores", "title": "Grandi magazzini e gallerie commerciali"}, {"category": [], "alias": "lingerie", "title": "Negozi di intimo e biancheria per la casa"}, {"category": [], "alias": "shoes", "title": "Negozi di scarpe"}, {"category": [], "alias": "leather", "title": "Pelletterie"}, {"category": [], "alias": "vintage", "title": "Vintage e seconda mano"}], "alias": "fashion", "title": "Abbigliamento"}, {"category": [], "alias": "antiques", "title": "Antiquari e restauratori"}, {"category": [], "alias": "adult", "title": "Articoli per adulti"}, {"category": [], "alias": "baby_gear", "title": "Articoli per beb\u00e8"}, {"category": [{"category": [], "alias": "sportswear", "title": "Abbigliamento sportivo"}, {"category": [], "alias": "outdoorgear", "title": "Attrezzature per attivit\u00e0 all'aperto"}, {"category": [], "alias": "bikes", "title": "Biciclette"}], "alias": "sportgoods", "title": "Articoli sportivi"}, {"category": [{"category": [], "alias": "stationery", "title": "Cartolerie"}, {"category": [], "alias": "framing", "title": "Corniciai"}, {"category": [], "alias": "costumes", "title": "Costumi"}, {"category": [], "alias": "artsupplies", "title": "Materiali artistici"}, {"category": [], "alias": "fabricstores", "title": "Negozi di tessuti"}], "alias": "artsandcrafts", "title": "Artigianato e articoli etnici"}, {"category": [], "alias": "officeequipment", "title": "Attrezzatura per l'ufficio"}, {"category": [], "alias": "pawn", "title": "Banchi dei pegni"}, {"category": [], "alias": "luggage", "title": "Borse e valigie"}, {"category": [{"category": [], "alias": "kitchenandbath", "title": "Cucine e bagni"}, {"category": [], "alias": "appliances", "title": "Elettrodomestici"}, {"category": [], "alias": "hardware", "title": "Ferramenta e colorerie"}, {"category": [], "alias": "mattresses", "title": "Materassi"}, {"category": [], "alias": "furniture", "title": "Negozi di mobili"}, {"category": [], "alias": "homedecor", "title": "Oggettistica per la casa"}, {"category": [], "alias": "hottubandpool", "title": "Piscine e jacuzzi"}, {"category": [], "alias": "gardening", "title": "Vivai e giardinaggio"}], "alias": "homeandgarden", "title": "Casa e giardino"}, {"category": [], "alias": "mobilephones", "title": "Cellulari e smartphone"}, {"category": [], "alias": "shoppingcenters", "title": "Centri commerciali"}, {"category": [], "alias": "computers", "title": "Computer"}, {"category": [], "alias": "discountstore", "title": "Discount"}, {"category": [], "alias": "electronics", "title": "Elettronica e cellulari"}, {"category": [], "alias": "drugstores", "title": "Farmacie ed Erboristerie"}, {"category": [{"category": [], "alias": "stationery", "title": "Cartolerie"}, {"category": [], "alias": "florists", "title": "Fiorai"}], "alias": "flowers", "title": "Fiori e articoli da regalo"}, {"category": [], "alias": "galleries", "title": "Gallerie d'arte e spazi espositivi"}, {"category": [], "alias": "jewelry", "title": "Gioiellerie e bigiotterie"}, {"category": [], "alias": "deptstores", "title": "Grandi magazzini e gallerie commerciali"}, {"category": [], "alias": "wholesale_stores", "title": "Grossisti"}, {"category": [{"category": [], "alias": "vinyl_records", "title": "Dischi in vinile"}, {"category": [], "alias": "comicbooks", "title": "Fumetti"}, {"category": [], "alias": "mags", "title": "Giornali e riviste"}, {"category": [], "alias": "bookstores", "title": "Librerie"}, {"category": [], "alias": "musicvideo", "title": "Musica e DVD"}, {"category": [], "alias": "videoandgames", "title": "Noleggio di film e videogiochi"}], "alias": "media", "title": "Libri, riviste, musica e video"}, {"category": [], "alias": "bridal", "title": "Matrimoni"}, {"category": [], "alias": "knittingsupplies", "title": "Mercerie e articoli per il cucito"}, {"category": [], "alias": "toys", "title": "Negozi di giocattoli"}, {"category": [], "alias": "hobbyshops", "title": "Negozi di hobbistica e bricolage"}, {"category": [], "alias": "photographystores", "title": "Negozi e servizi fotografici"}, {"category": [], "alias": "watches", "title": "Orologi"}, {"category": [], "alias": "opticians", "title": "Ottici"}, {"category": [], "alias": "outlet_stores", "title": "Outlet"}, {"category": [], "alias": "personal_shopping", "title": "Personal shopping"}, {"category": [], "alias": "cosmetics", "title": "Profumerie, cosmesi e prodotti di bellezza"}, {"category": [], "alias": "thrift_stores", "title": "Seconda mano"}, {"category": [], "alias": "musicalinstrumentsandteachers", "title": "Strumenti musicali e insegnanti"}, {"category": [], "alias": "tobaccoshops", "title": "Tabaccherie"}], "alias": "shopping", "title": "Shopping"}, {"category": [{"category": [], "alias": "aquariums", "title": "Acquari"}, {"category": [], "alias": "climbing", "title": "Arrampicata"}, {"category": [], "alias": "bowling", "title": "Bowling"}, {"category": [], "alias": "football", "title": "Calcio"}, {"category": [], "alias": "summer_camps", "title": "Campi estivi"}, {"category": [], "alias": "playgrounds", "title": "Campi gioco"}, {"category": [], "alias": "leisure_centers", "title": "Centri ricreativi"}, {"category": [], "alias": "sports_clubs", "title": "Circoli sportivi"}, {"category": [], "alias": "discgolf", "title": "Disc golf"}, {"category": [], "alias": "horsebackriding", "title": "Equitazione"}, {"category": [], "alias": "hiking", "title": "Escursionismo"}, {"category": [{"category": [], "alias": "martialarts", "title": "Arti marziali"}, {"category": [], "alias": "swimminglessons", "title": "Immersione con ossigeno"}, {"category": [], "alias": "healthtrainers", "title": "Istruttori e personal trainer"}, {"category": [], "alias": "gyms", "title": "Palestre"}, {"category": [], "alias": "pilates", "title": "Pilates"}, {"category": [], "alias": "dancestudio", "title": "Scuole di danza"}, {"category": [], "alias": "taichi", "title": "Tai chi"}, {"category": [], "alias": "yoga", "title": "Yoga"}], "alias": "fitness", "title": "Fitness"}, {"category": [], "alias": "gokarts", "title": "Go-kart"}, {"category": [], "alias": "golf", "title": "Golf"}, {"category": [{"category": [], "alias": "freediving", "title": "Apnea"}, {"category": [], "alias": "scuba", "title": "Immersione"}], "alias": "diving", "title": "Immersione"}, {"category": [], "alias": "lakes", "title": "Laghi"}, {"category": [], "alias": "mini_golf", "title": "Minigolf"}, {"category": [], "alias": "mountainbiking", "title": "Mountain bike"}, {"category": [], "alias": "boating", "title": "Nautica"}, {"category": [], "alias": "bikerentals", "title": "Noleggi di biciclette"}, {"category": [], "alias": "recreation", "title": "Organizzazioni culturali"}, {"category": [], "alias": "skydiving", "title": "Paracadutismo"}, {"category": [{"category": [], "alias": "dog_parks", "title": "Parchi per cani"}, {"category": [], "alias": "skate_parks", "title": "Parchi per lo skateboard"}], "alias": "parks", "title": "Parchi"}, {"category": [], "alias": "amusementparks", "title": "Parchi di divertimento"}, {"category": [], "alias": "fishing", "title": "Pesca"}, {"category": [], "alias": "swimmingpools", "title": "Piscine"}, {"category": [], "alias": "skatingrinks", "title": "Piste di pattinaggio"}, {"category": [], "alias": "gun_ranges", "title": "Poligoni di tiro"}, {"category": [], "alias": "rafting", "title": "Rafting/kayak"}, {"category": [], "alias": "beaches", "title": "Spiagge"}, {"category": [], "alias": "amateursportsteams", "title": "Squadre sportive amatoriali"}, {"category": [], "alias": "tennis", "title": "Tennis"}, {"category": [], "alias": "archery", "title": "Tiro con l'arco"}, {"category": [], "alias": "zoos", "title": "Zoo"}], "alias": "active", "title": "Tempo libero, hobby e sport"}, {"category": [{"category": [{"category": [], "alias": "sportsbars", "title": "Bar con sport in TV"}, {"category": [], "alias": "gaybars", "title": "Bar e locali gay"}, {"category": [], "alias": "champagne_bars", "title": "Champagne bar"}, {"category": [], "alias": "divebars", "title": "Dive Bars"}, {"category": [], "alias": "lounges", "title": "Lounge bar"}, {"category": [], "alias": "hookah_bars", "title": "Narghil\u00e8 bar"}, {"category": [], "alias": "pubs", "title": "Pub"}, {"category": [], "alias": "wine_bars", "title": "Wine bar"}], "alias": "bars", "title": "Bar"}, {"category": [], "alias": "danceclubs", "title": "Club e discoteche"}, {"category": [], "alias": "comedyclubs", "title": "Comedy club"}, {"category": [], "alias": "adultentertainment", "title": "Divertimento per adulti"}, {"category": [], "alias": "jazzandblues", "title": "Jazz e blues"}, {"category": [], "alias": "karaoke", "title": "Karaoke"}, {"category": [], "alias": "poolhalls", "title": "Sale da biliardo"}, {"category": [], "alias": "musicvenues", "title": "Sale da concerto e arene"}], "alias": "nightlife", "title": "Vita notturna"}]